location_id;prediction_date;wind_speed;wind_direction;temp;wind_gust
18;2024-08-03 00:00:00;5.4;358.5;14.54;6.2
18;2024-08-03 00:15:00;5.275;0.025;14.4225;6.1
18;2024-08-03 00:30:00;5.15;1.55;14.305;6
18;2024-08-03 00:45:00;5.025;3.075;14.1875;5.9
18;2024-08-03 01:00:00;4.9;4.6;14.07;5.8
18;2024-08-03 01:15:00;4.875;5.775;13.9775;5.775
18;2024-08-03 01:30:00;4.85;6.95;13.885;5.75
18;2024-08-03 01:45:00;4.825;8.125;13.7925;5.725
18;2024-08-03 02:00:00;4.8;9.3;13.7;5.7
18;2024-08-03 02:15:00;4.8;10.75;13.645;5.7
18;2024-08-03 02:30:00;4.8;12.2;13.59;5.7
18;2024-08-03 02:45:00;4.8;13.65;13.535;5.7
18;2024-08-03 03:00:00;4.8;15.1;13.48;5.7
18;2024-08-03 03:15:00;4.825;17.125;13.455;5.725
18;2024-08-03 03:30:00;4.85;19.15;13.43;5.75
18;2024-08-03 03:45:00;4.875;21.175;13.405;5.775
18;2024-08-03 04:00:00;4.9;23.2;13.38;5.8
18;2024-08-03 04:15:00;4.95;26.225;13.3825;5.9
18;2024-08-03 04:30:00;5;29.25;13.385;6
18;2024-08-03 04:45:00;5.05;32.275;13.3875;6.1
18;2024-08-03 05:00:00;5.1;35.3;13.39;6.2
18;2024-08-03 05:15:00;5.2;38.55;13.52;6.3
18;2024-08-03 05:30:00;5.3;41.8;13.65;6.4
18;2024-08-03 05:45:00;5.4;45.05;13.78;6.5
18;2024-08-03 12:00:00;2.4;66.6;28.51;4.7
18;2024-08-03 12:15:00;2.2;65.9;28.7775;4.525
18;2024-08-03 12:30:00;2;65.2;29.045;4.35
18;2024-08-03 12:45:00;1.8;64.5;29.3125;4.175
18;2024-08-03 13:00:00;1.6;63.8;29.58;4
18;2024-08-03 13:15:00;1.425;53.675;29.7075;3.75
18;2024-08-03 13:30:00;1.25;43.55;29.835;3.5
18;2024-08-03 13:45:00;1.075;33.425;29.9625;3.25
18;2024-08-03 14:00:00;0.9;23.3;30.09;3
18;2024-08-03 14:15:00;1.075;13.05;30.1325;3.175
18;2024-08-03 14:30:00;1.25;2.8;30.175;3.35
18;2024-08-03 14:45:00;1.425;352.55;30.2175;3.525
18;2024-08-03 15:00:00;1.6;342.3;30.26;3.7
18;2024-08-03 15:15:00;1.85;341.225;30.21;4
18;2024-08-03 15:30:00;2.1;340.15;30.16;4.3
18;2024-08-03 15:45:00;2.35;339.075;30.11;4.6
18;2024-08-03 16:00:00;2.6;338;30.06;4.9
18;2024-08-03 16:15:00;2.85;338.45;29.89;5.125
18;2024-08-03 16:30:00;3.1;338.9;29.72;5.35
18;2024-08-03 16:45:00;3.35;339.35;29.55;5.575
18;2024-08-03 17:00:00;3.6;339.8;29.38;5.8
18;2024-08-03 17:15:00;3.75;340.475;29.0925;6
18;2024-08-03 17:30:00;3.9;341.15;28.805;6.2
18;2024-08-03 17:45:00;4.05;341.825;28.5175;6.4
18;2024-08-04 00:00:00;5;21.3;18.92;6
18;2024-08-04 00:15:00;4.9;23.1;18.76;5.875
18;2024-08-04 00:30:00;4.8;24.9;18.6;5.75
18;2024-08-04 00:45:00;4.7;26.7;18.44;5.625
18;2024-08-04 01:00:00;4.6;28.5;18.28;5.5
18;2024-08-04 01:15:00;4.475;30.15;18.125;5.4
18;2024-08-04 01:30:00;4.35;31.8;17.97;5.3
18;2024-08-04 01:45:00;4.225;33.45;17.815;5.2
18;2024-08-04 02:00:00;4.1;35.1;17.66;5.1
18;2024-08-04 02:15:00;4.025;36.95;17.5075;5
18;2024-08-04 02:30:00;3.95;38.8;17.355;4.9
18;2024-08-04 02:45:00;3.875;40.65;17.2025;4.8
18;2024-08-04 03:00:00;3.8;42.5;17.05;4.7
18;2024-08-04 03:15:00;3.775;44.75;16.9125;4.65
18;2024-08-04 03:30:00;3.75;47;16.775;4.6
18;2024-08-04 03:45:00;3.725;49.25;16.6375;4.55
18;2024-08-04 04:00:00;3.7;51.5;16.5;4.5
18;2024-08-04 04:15:00;3.725;53.675;16.3925;4.55
18;2024-08-04 04:30:00;3.75;55.85;16.285;4.6
18;2024-08-04 04:45:00;3.775;58.025;16.1775;4.65
18;2024-08-04 05:00:00;3.8;60.2;16.07;4.7
18;2024-08-04 05:15:00;3.9;62.4;16.105;4.8
18;2024-08-04 05:30:00;4;64.6;16.14;4.9
18;2024-08-04 05:45:00;4.1;66.8;16.175;5
18;2024-08-04 12:00:00;0.8;306.6;30.74;2.8
18;2024-08-04 12:15:00;1.05;304.1;30.8975;3.1
18;2024-08-04 12:30:00;1.3;301.6;31.055;3.4
18;2024-08-04 12:45:00;1.55;299.1;31.2125;3.7
18;2024-08-04 13:00:00;1.8;296.6;31.37;4
18;2024-08-04 13:15:00;2.025;297.55;31.435;4.275
18;2024-08-04 13:30:00;2.25;298.5;31.5;4.55
18;2024-08-04 13:45:00;2.475;299.45;31.565;4.825
18;2024-08-04 14:00:00;2.7;300.4;31.63;5.1
18;2024-08-04 14:15:00;2.875;302.075;31.59;5.3
18;2024-08-04 14:30:00;3.05;303.75;31.55;5.5
18;2024-08-04 14:45:00;3.225;305.425;31.51;5.7
18;2024-08-04 15:00:00;3.4;307.1;31.47;5.9
18;2024-08-04 15:15:00;3.55;308.55;31.3275;6.05
18;2024-08-04 15:30:00;3.7;310;31.185;6.2
18;2024-08-04 15:45:00;3.85;311.45;31.0425;6.35
18;2024-08-04 16:00:00;4;312.9;30.9;6.5
18;2024-08-04 16:15:00;4.15;314.45;30.6425;6.625
18;2024-08-04 16:30:00;4.3;316;30.385;6.75
18;2024-08-04 16:45:00;4.45;317.55;30.1275;6.875
18;2024-08-04 17:00:00;4.6;319.1;29.87;7
18;2024-08-04 17:15:00;4.7;320.525;29.46;7.025
18;2024-08-04 17:30:00;4.8;321.95;29.05;7.05
18;2024-08-04 17:45:00;4.9;323.375;28.64;7.075
18;2024-08-05 00:00:00;5.3;341.5;17.29;6.3
18;2024-08-05 00:15:00;5.225;342.15;17.1625;6.225
18;2024-08-05 00:30:00;5.15;342.8;17.035;6.15
18;2024-08-05 00:45:00;5.075;343.45;16.9075;6.075
18;2024-08-05 01:00:00;5;344.1;16.78;6
18;2024-08-05 01:15:00;4.95;344.05;16.645;5.925
18;2024-08-05 01:30:00;4.9;344;16.51;5.85
18;2024-08-05 01:45:00;4.85;343.95;16.375;5.775
18;2024-08-05 02:00:00;4.8;343.9;16.24;5.7
18;2024-08-05 02:15:00;4.75;343.675;16.1;5.625
18;2024-08-05 02:30:00;4.7;343.45;15.96;5.55
18;2024-08-05 02:45:00;4.65;343.225;15.82;5.475
18;2024-08-05 03:00:00;4.6;343;15.68;5.4
18;2024-08-05 03:15:00;4.575;342.9;15.5475;5.375
18;2024-08-05 03:30:00;4.55;342.8;15.415;5.35
18;2024-08-05 03:45:00;4.525;342.7;15.2825;5.325
18;2024-08-05 04:00:00;4.5;342.6;15.15;5.3
18;2024-08-05 04:15:00;4.475;342.575;15.03;5.275
18;2024-08-05 04:30:00;4.45;342.55;14.91;5.25
18;2024-08-05 04:45:00;4.425;342.525;14.79;5.225
18;2024-08-05 05:00:00;4.4;342.5;14.67;5.2
18;2024-08-05 05:15:00;4.4;342.325;14.73;5.225
18;2024-08-05 05:30:00;4.4;342.15;14.79;5.25
18;2024-08-05 05:45:00;4.4;341.975;14.85;5.275
18;2024-08-05 12:00:00;4.3;317.4;27.92;6.9
18;2024-08-05 12:15:00;4.4;315.925;28.0025;7.05
18;2024-08-05 12:30:00;4.5;314.45;28.085;7.2
18;2024-08-05 12:45:00;4.6;312.975;28.1675;7.35
18;2024-08-05 13:00:00;4.7;311.5;28.25;7.5
18;2024-08-05 13:15:00;4.825;311.1;28.23;7.7
18;2024-08-05 13:30:00;4.95;310.7;28.21;7.9
18;2024-08-05 13:45:00;5.075;310.3;28.19;8.1
18;2024-08-05 14:00:00;5.2;309.9;28.17;8.3
18;2024-08-05 14:15:00;5.325;310;28.035;8.425
18;2024-08-05 14:30:00;5.45;310.1;27.9;8.55
18;2024-08-05 14:45:00;5.575;310.2;27.765;8.675
18;2024-08-05 15:00:00;5.7;310.3;27.63;8.8
18;2024-08-05 15:15:00;5.8;310.95;27.3925;8.875
18;2024-08-05 15:30:00;5.9;311.6;27.155;8.95
18;2024-08-05 15:45:00;6;312.25;26.9175;9.025
18;2024-08-05 16:00:00;6.1;312.9;26.68;9.1
18;2024-08-05 16:15:00;6.15;313.45;26.355;9.15
18;2024-08-05 16:30:00;6.2;314;26.03;9.2
18;2024-08-05 16:45:00;6.25;314.55;25.705;9.25
18;2024-08-05 17:00:00;6.3;315.1;25.38;9.3
18;2024-08-05 17:15:00;6.275;315.45;24.9725;9.2
18;2024-08-05 17:30:00;6.25;315.8;24.565;9.1
18;2024-08-05 17:45:00;6.225;316.15;24.1575;9
18;2024-08-06 00:00:00;5.9;346.3;15.33;7
18;2024-08-06 00:15:00;5.8;346.675;15.2275;6.875
18;2024-08-06 00:30:00;5.7;347.05;15.125;6.75
18;2024-08-06 00:45:00;5.6;347.425;15.0225;6.625
18;2024-08-06 01:00:00;5.5;347.8;14.92;6.5
18;2024-08-06 01:15:00;5.45;348;14.83;6.45
18;2024-08-06 01:30:00;5.4;348.2;14.74;6.4
18;2024-08-06 01:45:00;5.35;348.4;14.65;6.35
18;2024-08-06 02:00:00;5.3;348.6;14.56;6.3
18;2024-08-06 02:15:00;5.3;348.9;14.475;6.3
18;2024-08-06 02:30:00;5.3;349.2;14.39;6.3
18;2024-08-06 02:45:00;5.3;349.5;14.305;6.3
18;2024-08-06 03:00:00;5.3;349.8;14.22;6.3
18;2024-08-06 03:15:00;5.275;349.9;14.14;6.25
18;2024-08-06 03:30:00;5.25;350;14.06;6.2
18;2024-08-06 03:45:00;5.225;350.1;13.98;6.15
18;2024-08-06 04:00:00;5.2;350.2;13.9;6.1
18;2024-08-06 04:15:00;5.175;350.05;13.83;6.1
18;2024-08-06 04:30:00;5.15;349.9;13.76;6.1
18;2024-08-06 04:45:00;5.125;349.75;13.69;6.1
18;2024-08-06 05:00:00;5.1;349.6;13.62;6.1
18;2024-08-06 05:15:00;5.125;349.625;13.675;6.1
18;2024-08-06 05:30:00;5.15;349.65;13.73;6.1
18;2024-08-06 05:45:00;5.175;349.675;13.785;6.1
18;2024-08-06 12:00:00;4.3;335.1;26.6;7
18;2024-08-06 12:15:00;4.375;333.225;26.76;7.125
18;2024-08-06 12:30:00;4.45;331.35;26.92;7.25
18;2024-08-06 12:45:00;4.525;329.475;27.08;7.375
18;2024-08-06 13:00:00;4.6;327.6;27.24;7.5
18;2024-08-06 13:15:00;4.775;325.975;27.265;7.725
18;2024-08-06 13:30:00;4.95;324.35;27.29;7.95
18;2024-08-06 13:45:00;5.125;322.725;27.315;8.175
18;2024-08-06 14:00:00;5.3;321.1;27.34;8.4
18;2024-08-06 14:15:00;5.475;320.475;27.195;8.6
18;2024-08-06 14:30:00;5.65;319.85;27.05;8.8
18;2024-08-06 14:45:00;5.825;319.225;26.905;9
18;2024-08-06 15:00:00;6;318.6;26.76;9.2
18;2024-08-06 15:15:00;6.125;318.225;26.545;9.3
18;2024-08-06 15:30:00;6.25;317.85;26.33;9.4
18;2024-08-06 15:45:00;6.375;317.475;26.115;9.5
18;2024-08-06 16:00:00;6.5;317.1;25.9;9.6
18;2024-08-06 16:15:00;6.55;317.25;25.5925;9.65
18;2024-08-06 16:30:00;6.6;317.4;25.285;9.7
18;2024-08-06 16:45:00;6.65;317.55;24.9775;9.75
18;2024-08-06 17:00:00;6.7;317.7;24.67;9.8
18;2024-08-06 17:15:00;6.7;317.95;24.2725;9.725
18;2024-08-06 17:30:00;6.7;318.2;23.875;9.65
18;2024-08-06 17:45:00;6.7;318.45;23.4775;9.575
18;2024-08-07 00:00:00;5.2;347.9;16.82;6.2
18;2024-08-07 00:15:00;5.025;349.675;16.7325;5.975
18;2024-08-07 00:30:00;4.85;351.45;16.645;5.75
18;2024-08-07 00:45:00;4.675;353.225;16.5575;5.525
18;2024-08-07 01:00:00;4.5;355;16.47;5.3
18;2024-08-07 01:15:00;4.35;357.125;16.3775;5.125
18;2024-08-07 01:30:00;4.2;359.25;16.285;4.95
18;2024-08-07 01:45:00;4.05;1.375;16.1925;4.775
18;2024-08-07 02:00:00;3.9;3.5;16.1;4.6
18;2024-08-07 02:15:00;3.825;5.775;16.0125;4.5
18;2024-08-07 02:30:00;3.75;8.05;15.925;4.4
18;2024-08-07 02:45:00;3.675;10.325;15.8375;4.3
18;2024-08-07 03:00:00;3.6;12.6;15.75;4.2
18;2024-08-07 03:15:00;3.575;15.2;15.6625;4.175
18;2024-08-07 03:30:00;3.55;17.8;15.575;4.15
18;2024-08-07 03:45:00;3.525;20.4;15.4875;4.125
18;2024-08-07 04:00:00;3.5;23;15.4;4.1
18;2024-08-07 04:15:00;3.55;26.375;15.345;4.175
18;2024-08-07 04:30:00;3.6;29.75;15.29;4.25
18;2024-08-07 04:45:00;3.65;33.125;15.235;4.325
18;2024-08-07 05:00:00;3.7;36.5;15.18;4.4
18;2024-08-07 05:15:00;3.825;39.6;15.255;4.55
18;2024-08-07 05:30:00;3.95;42.7;15.33;4.7
18;2024-08-07 05:45:00;4.075;45.8;15.405;4.85
18;2024-08-07 12:00:00;0.5;8.2;28.77;2.4
18;2024-08-07 12:15:00;0.55;356.375;28.95;2.5
18;2024-08-07 12:30:00;0.6;344.55;29.13;2.6
18;2024-08-07 12:45:00;0.65;332.725;29.31;2.7
18;2024-08-07 13:00:00;0.7;320.9;29.49;2.8
18;2024-08-07 13:15:00;0.875;318.1;29.58;3.05
18;2024-08-07 13:30:00;1.05;315.3;29.67;3.3
18;2024-08-07 13:45:00;1.225;312.5;29.76;3.55
18;2024-08-07 14:00:00;1.4;309.7;29.85;3.8
18;2024-08-07 14:15:00;1.575;309.15;29.8375;3.975
18;2024-08-07 14:30:00;1.75;308.6;29.825;4.15
18;2024-08-07 14:45:00;1.925;308.05;29.8125;4.325
18;2024-08-07 15:00:00;2.1;307.5;29.8;4.5
18;2024-08-07 15:15:00;2.25;308.075;29.7025;4.65
18;2024-08-07 15:30:00;2.4;308.65;29.605;4.8
18;2024-08-07 15:45:00;2.55;309.225;29.5075;4.95
18;2024-08-07 16:00:00;2.7;309.8;29.41;5.1
18;2024-08-07 16:15:00;2.875;311.1;29.215;5.225
18;2024-08-07 16:30:00;3.05;312.4;29.02;5.35
18;2024-08-07 16:45:00;3.225;313.7;28.825;5.475
18;2024-08-07 17:00:00;3.4;315;28.63;5.6
18;2024-08-07 17:15:00;3.55;315.925;28.295;5.725
18;2024-08-07 17:30:00;3.7;316.85;27.96;5.85
18;2024-08-07 17:45:00;3.85;317.775;27.625;5.975
18;2024-08-08 00:00:00;3;346.6;18.02;3.5
18;2024-08-08 00:15:00;2.875;349.85;17.8925;3.375
18;2024-08-08 00:30:00;2.75;353.1;17.765;3.25
18;2024-08-08 00:45:00;2.625;356.35;17.6375;3.125
18;2024-08-08 01:00:00;2.5;359.6;17.51;3
18;2024-08-08 01:15:00;2.425;2.175;17.3975;2.925
18;2024-08-08 01:30:00;2.35;4.75;17.285;2.85
18;2024-08-08 01:45:00;2.275;7.325;17.1725;2.775
18;2024-08-08 02:00:00;2.2;9.9;17.06;2.7
18;2024-08-08 02:15:00;2.2;14.55;16.9875;2.7
18;2024-08-08 02:30:00;2.2;19.2;16.915;2.7
18;2024-08-08 02:45:00;2.2;23.85;16.8425;2.7
18;2024-08-08 03:00:00;2.2;28.5;16.77;2.7
18;2024-08-08 03:15:00;2.25;31.9;16.7175;2.75
18;2024-08-08 03:30:00;2.3;35.3;16.665;2.8
18;2024-08-08 03:45:00;2.35;38.7;16.6125;2.85
18;2024-08-08 04:00:00;2.4;42.1;16.56;2.9
18;2024-08-08 04:15:00;2.5;44.6;16.51;3
18;2024-08-08 04:30:00;2.6;47.1;16.46;3.1
18;2024-08-08 04:45:00;2.7;49.6;16.41;3.2
18;2024-08-08 05:00:00;2.8;52.1;16.36;3.3
18;2024-08-08 05:15:00;2.95;54.25;16.45;3.5
18;2024-08-08 05:30:00;3.1;56.4;16.54;3.7
18;2024-08-08 05:45:00;3.25;58.55;16.63;3.9
18;2024-08-08 12:00:00;0.9;167.1;30.5;2.9
18;2024-08-08 12:15:00;0.925;180.525;30.6825;2.975
18;2024-08-08 12:30:00;0.95;193.95;30.865;3.05
18;2024-08-08 12:45:00;0.975;207.375;31.0475;3.125
18;2024-08-08 13:00:00;1;220.8;31.23;3.2
18;2024-08-08 13:15:00;1.125;229.05;31.3025;3.375
18;2024-08-08 13:30:00;1.25;237.3;31.375;3.55
18;2024-08-08 13:45:00;1.375;245.55;31.4475;3.725
18;2024-08-08 14:00:00;1.5;253.8;31.52;3.9
18;2024-08-08 14:15:00;1.625;258.675;31.4775;4.025
18;2024-08-08 14:30:00;1.75;263.55;31.435;4.15
18;2024-08-08 14:45:00;1.875;268.425;31.3925;4.275
18;2024-08-08 15:00:00;2;273.3;31.35;4.4
18;2024-08-08 15:15:00;2.15;278.525;31.21;4.55
18;2024-08-08 15:30:00;2.3;283.75;31.07;4.7
18;2024-08-08 15:45:00;2.45;288.975;30.93;4.85
18;2024-08-08 16:00:00;2.6;294.2;30.79;5
18;2024-08-08 16:15:00;2.75;297.475;30.5325;5.125
18;2024-08-08 16:30:00;2.9;300.75;30.275;5.25
18;2024-08-08 16:45:00;3.05;304.025;30.0175;5.375
18;2024-08-08 17:00:00;3.2;307.3;29.76;5.5
18;2024-08-08 17:15:00;3.325;309.55;29.3825;5.525
18;2024-08-08 17:30:00;3.45;311.8;29.005;5.55
18;2024-08-08 17:45:00;3.575;314.05;28.6275;5.575
18;2024-08-09 00:00:00;4.7;13;19.46;5.5
18;2024-08-09 00:15:00;4.65;15.875;19.385;5.45
18;2024-08-09 00:30:00;4.6;18.75;19.31;5.4
18;2024-08-09 00:45:00;4.55;21.625;19.235;5.35
18;2024-08-09 01:00:00;4.5;24.5;19.16;5.3
18;2024-08-09 01:15:00;4.425;27.4;19.08;5.25
18;2024-08-09 01:30:00;4.35;30.3;19;5.2
18;2024-08-09 01:45:00;4.275;33.2;18.92;5.15
18;2024-08-09 02:00:00;4.2;36.1;18.84;5.1
18;2024-08-09 02:15:00;4.175;38.65;18.74;5.05
18;2024-08-09 02:30:00;4.15;41.2;18.64;5
18;2024-08-09 02:45:00;4.125;43.75;18.54;4.95
18;2024-08-09 03:00:00;4.1;46.3;18.44;4.9
18;2024-08-09 03:15:00;4.1;49;18.3425;4.925
18;2024-08-09 03:30:00;4.1;51.7;18.245;4.95
18;2024-08-09 03:45:00;4.1;54.4;18.1475;4.975
18;2024-08-09 04:00:00;4.1;57.1;18.05;5
18;2024-08-09 04:15:00;4.175;59.4;17.965;5.075
18;2024-08-09 04:30:00;4.25;61.7;17.88;5.15
18;2024-08-09 04:45:00;4.325;64;17.795;5.225
18;2024-08-09 05:00:00;4.4;66.3;17.71;5.3
18;2024-08-09 05:15:00;4.5;68.2;17.7325;5.425
18;2024-08-09 05:30:00;4.6;70.1;17.755;5.55
18;2024-08-09 05:45:00;4.7;72;17.7775;5.675
18;2024-08-09 12:00:00;0.8;130.5;32.88;3
18;2024-08-09 12:15:00;0.75;152.4;33.065;2.975
18;2024-08-09 12:30:00;0.7;174.3;33.25;2.95
18;2024-08-09 12:45:00;0.65;196.2;33.435;2.925
18;2024-08-09 13:00:00;0.6;218.1;33.62;2.9
18;2024-08-09 13:15:00;0.75;231.25;33.68;3.075
18;2024-08-09 13:30:00;0.9;244.4;33.74;3.25
18;2024-08-09 13:45:00;1.05;257.55;33.8;3.425
18;2024-08-09 14:00:00;1.2;270.7;33.86;3.6
18;2024-08-09 14:15:00;1.4;273.9;33.8375;3.825
18;2024-08-09 14:30:00;1.6;277.1;33.815;4.05
18;2024-08-09 14:45:00;1.8;280.3;33.7925;4.275
18;2024-08-09 15:00:00;2;283.5;33.77;4.5
18;2024-08-09 15:15:00;2.2;287.075;33.65;4.675
18;2024-08-09 15:30:00;2.4;290.65;33.53;4.85
18;2024-08-09 15:45:00;2.6;294.225;33.41;5.025
18;2024-08-09 16:00:00;2.8;297.8;33.29;5.2
18;2024-08-09 16:15:00;3.075;300.425;33.0575;5.425
18;2024-08-09 16:30:00;3.35;303.05;32.825;5.65
18;2024-08-09 16:45:00;3.625;305.675;32.5925;5.875
18;2024-08-09 17:00:00;3.9;308.3;32.36;6.1
18;2024-08-09 17:15:00;4.1;310.2;31.9725;6.25
18;2024-08-09 17:30:00;4.3;312.1;31.585;6.4
18;2024-08-09 17:45:00;4.5;314;31.1975;6.55
18;2024-08-10 00:00:00;5.4;5.4;22.39;6.3
18;2024-08-10 00:15:00;5.275;8.425;22.29;6.175
18;2024-08-10 00:30:00;5.15;11.45;22.19;6.05
18;2024-08-10 00:45:00;5.025;14.475;22.09;5.925
18;2024-08-10 01:00:00;4.9;17.5;21.99;5.8
18;2024-08-10 01:15:00;4.875;20.45;21.895;5.775
18;2024-08-10 01:30:00;4.85;23.4;21.8;5.75
18;2024-08-10 01:45:00;4.825;26.35;21.705;5.725
18;2024-08-10 02:00:00;4.8;29.3;21.61;5.7
18;2024-08-10 02:15:00;4.825;31.775;21.5375;5.725
18;2024-08-10 02:30:00;4.85;34.25;21.465;5.75
18;2024-08-10 02:45:00;4.875;36.725;21.3925;5.775
18;2024-08-10 03:00:00;4.9;39.2;21.32;5.8
18;2024-08-10 03:15:00;5;42.45;21.2225;5.925
18;2024-08-10 03:30:00;5.1;45.7;21.125;6.05
18;2024-08-10 03:45:00;5.2;48.95;21.0275;6.175
18;2024-08-10 04:00:00;5.3;52.2;20.93;6.3
18;2024-08-10 04:15:00;5.35;56.35;20.79;6.375
18;2024-08-10 04:30:00;5.4;60.5;20.65;6.45
18;2024-08-10 04:45:00;5.45;64.65;20.51;6.525
18;2024-08-10 05:00:00;5.5;68.8;20.37;6.6
18;2024-08-10 05:15:00;5.575;72.5;20.2675;6.7
18;2024-08-10 05:30:00;5.65;76.2;20.165;6.8
18;2024-08-10 05:45:00;5.725;79.9;20.0625;6.9
18;2024-08-10 12:00:00;3.4;193.2;33.32;5.9
18;2024-08-10 12:15:00;3.375;194.4;33.4725;5.95
18;2024-08-10 12:30:00;3.35;195.6;33.625;6
18;2024-08-10 12:45:00;3.325;196.8;33.7775;6.05
18;2024-08-10 13:00:00;3.3;198;33.93;6.1
18;2024-08-10 13:15:00;3.25;198.7;33.9775;6.025
18;2024-08-10 13:30:00;3.2;199.4;34.025;5.95
18;2024-08-10 13:45:00;3.15;200.1;34.0725;5.875
18;2024-08-10 14:00:00;3.1;200.8;34.12;5.8
18;2024-08-10 14:15:00;3;202.275;34.105;5.7
18;2024-08-10 14:30:00;2.9;203.75;34.09;5.6
18;2024-08-10 14:45:00;2.8;205.225;34.075;5.5
18;2024-08-10 15:00:00;2.7;206.7;34.06;5.4
18;2024-08-10 15:15:00;2.625;209.2;33.98;5.275
18;2024-08-10 15:30:00;2.55;211.7;33.9;5.15
18;2024-08-10 15:45:00;2.475;214.2;33.82;5.025
18;2024-08-10 16:00:00;2.4;216.7;33.74;4.9
18;2024-08-10 16:15:00;2.4;221.65;33.5575;4.775
18;2024-08-10 16:30:00;2.4;226.6;33.375;4.65
18;2024-08-10 16:45:00;2.4;231.55;33.1925;4.525
18;2024-08-10 17:00:00;2.4;236.5;33.01;4.4
18;2024-08-10 17:15:00;2.475;243.725;32.6675;4.425
18;2024-08-10 17:30:00;2.55;250.95;32.325;4.45
18;2024-08-10 17:45:00;2.625;258.175;31.9825;4.475
18;2024-08-11 00:00:00;2.5;317.8;20.16;3
18;2024-08-11 00:15:00;2.5;318.3;20.0175;3.025
18;2024-08-11 00:30:00;2.5;318.8;19.875;3.05
18;2024-08-11 00:45:00;2.5;319.3;19.7325;3.075
18;2024-08-11 01:00:00;2.5;319.8;19.59;3.1
18;2024-08-11 01:15:00;2.5;320.9;19.4525;3.075
18;2024-08-11 01:30:00;2.5;322;19.315;3.05
18;2024-08-11 01:45:00;2.5;323.1;19.1775;3.025
18;2024-08-11 02:00:00;2.5;324.2;19.04;3
18;2024-08-11 02:15:00;2.4;326.05;18.915;2.9
18;2024-08-11 02:30:00;2.3;327.9;18.79;2.8
18;2024-08-11 02:45:00;2.2;329.75;18.665;2.7
18;2024-08-11 03:00:00;2.1;331.6;18.54;2.6
18;2024-08-11 03:15:00;1.95;332.35;18.405;2.425
18;2024-08-11 03:30:00;1.8;333.1;18.27;2.25
18;2024-08-11 03:45:00;1.65;333.85;18.135;2.075
18;2024-08-11 04:00:00;1.5;334.6;18;1.9
18;2024-08-11 04:15:00;1.3;331.75;17.91;1.7
18;2024-08-11 04:30:00;1.1;328.9;17.82;1.5
18;2024-08-11 04:45:00;0.9;326.05;17.73;1.3
18;2024-08-11 05:00:00;0.7;323.2;17.64;1.1
18;2024-08-11 05:15:00;0.7;302.675;17.6475;1.1
18;2024-08-11 05:30:00;0.7;282.15;17.655;1.1
18;2024-08-11 05:45:00;0.7;261.625;17.6625;1.1
18;2024-08-11 12:00:00;3.1;268.4;31.44;5.9
18;2024-08-11 12:15:00;3.225;268.85;31.4525;6.05
18;2024-08-11 12:30:00;3.35;269.3;31.465;6.2
18;2024-08-11 12:45:00;3.475;269.75;31.4775;6.35
18;2024-08-11 13:00:00;3.6;270.2;31.49;6.5
18;2024-08-11 13:15:00;3.7;272.125;31.4275;6.65
18;2024-08-11 13:30:00;3.8;274.05;31.365;6.8
18;2024-08-11 13:45:00;3.9;275.975;31.3025;6.95
18;2024-08-11 14:00:00;4;277.9;31.24;7.1
18;2024-08-11 14:15:00;4.125;279.725;31.0875;7.2
18;2024-08-11 14:30:00;4.25;281.55;30.935;7.3
18;2024-08-11 14:45:00;4.375;283.375;30.7825;7.4
18;2024-08-11 15:00:00;4.5;285.2;30.63;7.5
18;2024-08-11 15:15:00;4.575;287.175;30.3875;7.525
18;2024-08-11 15:30:00;4.65;289.15;30.145;7.55
18;2024-08-11 15:45:00;4.725;291.125;29.9025;7.575
18;2024-08-11 16:00:00;4.8;293.1;29.66;7.6
18;2024-08-11 16:15:00;4.8;294.875;29.3325;7.55
18;2024-08-11 16:30:00;4.8;296.65;29.005;7.5
18;2024-08-11 16:45:00;4.8;298.425;28.6775;7.45
18;2024-08-11 17:00:00;4.8;300.2;28.35;7.4
18;2024-08-11 17:15:00;4.75;301.75;27.92;7.25
18;2024-08-11 17:30:00;4.7;303.3;27.49;7.1
18;2024-08-11 17:45:00;4.65;304.85;27.06;6.95
18;2024-08-12 00:00:00;3.1;311.1;15.78;3.7
18;2024-08-12 00:15:00;3.025;311;15.59;3.6
18;2024-08-12 00:30:00;2.95;310.9;15.4;3.5
18;2024-08-12 00:45:00;2.875;310.8;15.21;3.4
18;2024-08-12 01:00:00;2.8;310.7;15.02;3.3
18;2024-08-12 01:15:00;2.775;310.475;14.8425;3.275
18;2024-08-12 01:30:00;2.75;310.25;14.665;3.25
18;2024-08-12 01:45:00;2.725;310.025;14.4875;3.225
18;2024-08-12 02:00:00;2.7;309.8;14.31;3.2
18;2024-08-12 02:15:00;2.725;308.85;14.155;3.25
18;2024-08-12 02:30:00;2.75;307.9;14;3.3
18;2024-08-12 02:45:00;2.775;306.95;13.845;3.35
18;2024-08-12 03:00:00;2.8;306;13.69;3.4
18;2024-08-12 03:15:00;2.875;306.15;13.545;3.45
18;2024-08-12 03:30:00;2.95;306.3;13.4;3.5
18;2024-08-12 03:45:00;3.025;306.45;13.255;3.55
18;2024-08-12 04:00:00;3.1;306.6;13.11;3.6
18;2024-08-12 04:15:00;3.125;307.5;12.97;3.65
18;2024-08-12 04:30:00;3.15;308.4;12.83;3.7
18;2024-08-12 04:45:00;3.175;309.3;12.69;3.75
18;2024-08-12 05:00:00;3.2;310.2;12.55;3.8
18;2024-08-12 05:15:00;3.225;311.4;12.57;3.825
18;2024-08-12 05:30:00;3.25;312.6;12.59;3.85
18;2024-08-12 05:45:00;3.275;313.8;12.61;3.875
18;2024-08-12 12:00:00;4.7;317.4;25.43;7.4
18;2024-08-12 12:15:00;4.85;316.525;25.5075;7.6
18;2024-08-12 12:30:00;5;315.65;25.585;7.8
18;2024-08-12 12:45:00;5.15;314.775;25.6625;8
18;2024-08-12 13:00:00;5.3;313.9;25.74;8.2
18;2024-08-12 13:15:00;5.475;313.7;25.7225;8.425
18;2024-08-12 13:30:00;5.65;313.5;25.705;8.65
18;2024-08-12 13:45:00;5.825;313.3;25.6875;8.875
18;2024-08-12 14:00:00;6;313.1;25.67;9.1
18;2024-08-12 14:15:00;6.15;313;25.57;9.275
18;2024-08-12 14:30:00;6.3;312.9;25.47;9.45
18;2024-08-12 14:45:00;6.45;312.8;25.37;9.625
18;2024-08-12 15:00:00;6.6;312.7;25.27;9.8
18;2024-08-12 15:15:00;6.75;312.45;25.0675;9.975
18;2024-08-12 15:30:00;6.9;312.2;24.865;10.15
18;2024-08-12 15:45:00;7.05;311.95;24.6625;10.325
18;2024-08-12 16:00:00;7.2;311.7;24.46;10.5
18;2024-08-12 16:15:00;7.275;311.725;24.17;10.55
18;2024-08-12 16:30:00;7.35;311.75;23.88;10.6
18;2024-08-12 16:45:00;7.425;311.775;23.59;10.65
18;2024-08-12 17:00:00;7.5;311.8;23.3;10.7
18;2024-08-12 17:15:00;7.45;311.5;22.915;10.6
18;2024-08-12 17:30:00;7.4;311.2;22.53;10.5
18;2024-08-12 17:45:00;7.35;310.9;22.145;10.4
18;2024-08-13 00:00:00;7.1;317.1;14;8.3
18;2024-08-13 00:15:00;7.025;317.75;13.825;8.2
18;2024-08-13 00:30:00;6.95;318.4;13.65;8.1
18;2024-08-13 00:45:00;6.875;319.05;13.475;8
18;2024-08-13 01:00:00;6.8;319.7;13.3;7.9
18;2024-08-13 01:15:00;6.7;319.825;13.1225;7.8
18;2024-08-13 01:30:00;6.6;319.95;12.945;7.7
18;2024-08-13 01:45:00;6.5;320.075;12.7675;7.6
18;2024-08-13 02:00:00;6.4;320.2;12.59;7.5
18;2024-08-13 02:15:00;6.425;319.775;12.4325;7.5
18;2024-08-13 02:30:00;6.45;319.35;12.275;7.5
18;2024-08-13 02:45:00;6.475;318.925;12.1175;7.5
18;2024-08-13 03:00:00;6.5;318.5;11.96;7.5
18;2024-08-13 03:15:00;6.525;318.1;11.965;7.575
18;2024-08-13 03:30:00;6.55;317.7;11.97;7.65
18;2024-08-13 03:45:00;6.575;317.3;11.975;7.725
18;2024-08-13 04:00:00;6.6;316.9;11.98;7.8
18;2024-08-13 04:15:00;6.575;316.95;12.1075;7.8
18;2024-08-13 04:30:00;6.55;317;12.235;7.8
18;2024-08-13 04:45:00;6.525;317.05;12.3625;7.8
18;2024-08-13 05:00:00;6.5;317.1;12.49;7.8
18;2024-08-13 05:15:00;6.425;317.35;12.57;7.775
18;2024-08-13 05:30:00;6.35;317.6;12.65;7.75
18;2024-08-13 05:45:00;6.275;317.85;12.73;7.725
18;2024-08-13 12:00:00;4.8;300.9;21.26;7.8
18;2024-08-13 12:15:00;4.975;300.95;21.3725;8.05
18;2024-08-13 12:30:00;5.15;301;21.485;8.3
18;2024-08-13 12:45:00;5.325;301.05;21.5975;8.55
18;2024-08-13 13:00:00;5.5;301.1;21.71;8.8
18;2024-08-13 13:15:00;5.65;301.875;21.6525;9
18;2024-08-13 13:30:00;5.8;302.65;21.595;9.2
18;2024-08-13 13:45:00;5.95;303.425;21.5375;9.4
18;2024-08-13 14:00:00;6.1;304.2;21.48;9.6
18;2024-08-13 14:15:00;6.125;304.925;21.145;9.55
18;2024-08-13 14:30:00;6.15;305.65;20.81;9.5
18;2024-08-13 14:45:00;6.175;306.375;20.475;9.45
18;2024-08-13 15:00:00;6.2;307.1;20.14;9.4
18;2024-08-13 15:15:00;6.1;307.475;19.6625;9.175
18;2024-08-13 15:30:00;6;307.85;19.185;8.95
18;2024-08-13 15:45:00;5.9;308.225;18.7075;8.725
18;2024-08-13 16:00:00;5.8;308.6;18.23;8.5
18;2024-08-13 16:15:00;5.675;308.475;18.0875;8.35
18;2024-08-13 16:30:00;5.55;308.35;17.945;8.2
18;2024-08-13 16:45:00;5.425;308.225;17.8025;8.05
18;2024-08-13 17:00:00;5.3;308.1;17.66;7.9
18;2024-08-13 17:15:00;5.35;308.175;17.645;7.95
18;2024-08-13 17:30:00;5.4;308.25;17.63;8
18;2024-08-13 17:45:00;5.45;308.325;17.615;8.05
18;2024-08-14 00:00:00;4.7;337.3;13.48;5.8
18;2024-08-14 00:15:00;4.7;337.675;13.59;5.825
18;2024-08-14 00:30:00;4.7;338.05;13.7;5.85
18;2024-08-14 00:45:00;4.7;338.425;13.81;5.875
18;2024-08-14 01:00:00;4.7;338.8;13.92;5.9
18;2024-08-14 01:15:00;4.675;339.625;13.9775;5.925
18;2024-08-14 01:30:00;4.65;340.45;14.035;5.95
18;2024-08-14 01:45:00;4.625;341.275;14.0925;5.975
18;2024-08-14 02:00:00;4.6;342.1;14.15;6
18;2024-08-14 02:15:00;4.6;343.15;14.1475;6
18;2024-08-14 02:30:00;4.6;344.2;14.145;6
18;2024-08-14 02:45:00;4.6;345.25;14.1425;6
18;2024-08-14 03:00:00;4.6;346.3;14.14;6
18;2024-08-14 03:15:00;4.575;347.225;14.1225;5.975
18;2024-08-14 03:30:00;4.55;348.15;14.105;5.95
18;2024-08-14 03:45:00;4.525;349.075;14.0875;5.925
18;2024-08-14 04:00:00;4.5;350;14.07;5.9
18;2024-08-14 04:15:00;4.525;351.275;14.0325;5.925
18;2024-08-14 04:30:00;4.55;352.55;13.995;5.95
18;2024-08-14 04:45:00;4.575;353.825;13.9575;5.975
18;2024-08-14 05:00:00;4.6;355.1;13.92;6
18;2024-08-14 05:15:00;4.6;356.45;13.88;6.05
18;2024-08-14 05:30:00;4.6;357.8;13.84;6.1
18;2024-08-14 05:45:00;4.6;359.15;13.8;6.15
18;2024-08-14 12:00:00;2.6;23.2;24.28;5.2
18;2024-08-14 12:15:00;2.675;21.825;24.5425;5.3
18;2024-08-14 12:30:00;2.75;20.45;24.805;5.4
18;2024-08-14 12:45:00;2.825;19.075;25.0675;5.5
18;2024-08-14 13:00:00;2.9;17.7;25.33;5.6
18;2024-08-14 13:15:00;2.95;15.5;25.4975;5.65
18;2024-08-14 13:30:00;3;13.3;25.665;5.7
18;2024-08-14 13:45:00;3.05;11.1;25.8325;5.75
18;2024-08-14 14:00:00;3.1;8.9;26;5.8
18;2024-08-14 14:15:00;3.2;7.45;26.0675;5.925
18;2024-08-14 14:30:00;3.3;6;26.135;6.05
18;2024-08-14 14:45:00;3.4;4.55;26.2025;6.175
18;2024-08-14 15:00:00;3.5;3.1;26.27;6.3
18;2024-08-14 15:15:00;3.6;2.3;26.26;6.35
18;2024-08-14 15:30:00;3.7;1.5;26.25;6.4
18;2024-08-14 15:45:00;3.8;0.7;26.24;6.45
18;2024-08-14 16:00:00;3.9;359.9;26.23;6.5
18;2024-08-14 16:15:00;4;359.725;26.12;6.6
18;2024-08-14 16:30:00;4.1;359.55;26.01;6.7
18;2024-08-14 16:45:00;4.2;359.375;25.9;6.8
18;2024-08-14 17:00:00;4.3;359.2;25.79;6.9
18;2024-08-14 17:15:00;4.4;359.1;25.55;6.925
18;2024-08-14 17:30:00;4.5;359;25.31;6.95
18;2024-08-14 17:45:00;4.6;358.9;25.07;6.975
18;2024-08-15 00:00:00;6.5;46.5;16.24;7.9
18;2024-08-15 00:15:00;6.625;50.075;16.13;8.025
18;2024-08-15 00:30:00;6.75;53.65;16.02;8.15
18;2024-08-15 00:45:00;6.875;57.225;15.91;8.275
18;2024-08-15 01:00:00;7;60.8;15.8;8.4
18;2024-08-15 01:15:00;7.2;63.6;15.6975;8.625
18;2024-08-15 01:30:00;7.4;66.4;15.595;8.85
18;2024-08-15 01:45:00;7.6;69.2;15.4925;9.075
18;2024-08-15 02:00:00;7.8;72;15.39;9.3
18;2024-08-15 02:15:00;7.925;73.8;15.2575;9.475
18;2024-08-15 02:30:00;8.05;75.6;15.125;9.65
18;2024-08-15 02:45:00;8.175;77.4;14.9925;9.825
18;2024-08-15 03:00:00;8.3;79.2;14.86;10
18;2024-08-15 03:15:00;8.375;80.375;14.6625;10.075
18;2024-08-15 03:30:00;8.45;81.55;14.465;10.15
18;2024-08-15 03:45:00;8.525;82.725;14.2675;10.225
18;2024-08-15 04:00:00;8.6;83.9;14.07;10.3
18;2024-08-15 04:15:00;8.675;84.55;13.905;10.4
18;2024-08-15 04:30:00;8.75;85.2;13.74;10.5
18;2024-08-15 04:45:00;8.825;85.85;13.575;10.6
18;2024-08-15 05:00:00;8.9;86.5;13.41;10.7
18;2024-08-15 05:15:00;8.925;86.775;13.2825;10.75
18;2024-08-15 05:30:00;8.95;87.05;13.155;10.8
18;2024-08-15 05:45:00;8.975;87.325;13.0275;10.85
18;2024-08-15 12:00:00;4;74.7;26.09;6.9
18;2024-08-15 12:15:00;3.825;72.95;26.38;6.675
18;2024-08-15 12:30:00;3.65;71.2;26.67;6.45
18;2024-08-15 12:45:00;3.475;69.45;26.96;6.225
18;2024-08-15 13:00:00;3.3;67.7;27.25;6
18;2024-08-15 13:15:00;3.3;64.15;27.4475;5.975
18;2024-08-15 13:30:00;3.3;60.6;27.645;5.95
18;2024-08-15 13:45:00;3.3;57.05;27.8425;5.925
18;2024-08-15 14:00:00;3.3;53.5;28.04;5.9
18;2024-08-15 14:15:00;3.375;51.175;28.1425;5.975
18;2024-08-15 14:30:00;3.45;48.85;28.245;6.05
18;2024-08-15 14:45:00;3.525;46.525;28.3475;6.125
18;2024-08-15 15:00:00;3.6;44.2;28.45;6.2
18;2024-08-15 15:15:00;3.625;42.825;28.455;6.2
18;2024-08-15 15:30:00;3.65;41.45;28.46;6.2
18;2024-08-15 15:45:00;3.675;40.075;28.465;6.2
18;2024-08-15 16:00:00;3.7;38.7;28.47;6.2
18;2024-08-15 16:15:00;3.725;37.5;28.365;6.175
18;2024-08-15 16:30:00;3.75;36.3;28.26;6.15
18;2024-08-15 16:45:00;3.775;35.1;28.155;6.125
18;2024-08-15 17:00:00;3.8;33.9;28.05;6.1
18;2024-08-15 17:15:00;3.85;32.675;27.785;6
18;2024-08-15 17:30:00;3.9;31.45;27.52;5.9
18;2024-08-15 17:45:00;3.95;30.225;27.255;5.8
18;2024-08-16 00:00:00;3.7;62.4;17.51;4.6
18;2024-08-16 00:15:00;3.75;64.9;17.37;4.625
18;2024-08-16 00:30:00;3.8;67.4;17.23;4.65
18;2024-08-16 00:45:00;3.85;69.9;17.09;4.675
18;2024-08-16 01:00:00;3.9;72.4;16.95;4.7
18;2024-08-16 01:15:00;4;74.35;16.8125;4.825
18;2024-08-16 01:30:00;4.1;76.3;16.675;4.95
18;2024-08-16 01:45:00;4.2;78.25;16.5375;5.075
18;2024-08-16 02:00:00;4.3;80.2;16.4;5.2
18;2024-08-16 02:15:00;4.375;81.825;16.2475;5.275
18;2024-08-16 02:30:00;4.45;83.45;16.095;5.35
18;2024-08-16 02:45:00;4.525;85.075;15.9425;5.425
18;2024-08-16 03:00:00;4.6;86.7;15.79;5.5
18;2024-08-16 03:15:00;4.725;87.625;15.6675;5.65
18;2024-08-16 03:30:00;4.85;88.55;15.545;5.8
18;2024-08-16 03:45:00;4.975;89.475;15.4225;5.95
18;2024-08-16 04:00:00;5.1;90.4;15.3;6.1
18;2024-08-16 04:15:00;5.2;90.95;15.19;6.225
18;2024-08-16 04:30:00;5.3;91.5;15.08;6.35
18;2024-08-16 04:45:00;5.4;92.05;14.97;6.475
18;2024-08-16 05:00:00;5.5;92.6;14.86;6.6
18;2024-08-16 05:15:00;5.575;92.825;14.76;6.7
18;2024-08-16 05:30:00;5.65;93.05;14.66;6.8
18;2024-08-16 05:45:00;5.725;93.275;14.56;6.9
18;2024-08-16 12:00:00;2;66.4;29.66;4.1
18;2024-08-16 12:15:00;1.975;59.775;29.8875;4.1
18;2024-08-16 12:30:00;1.95;53.15;30.115;4.1
18;2024-08-16 12:45:00;1.925;46.525;30.3425;4.1
18;2024-08-16 13:00:00;1.9;39.9;30.57;4.1
18;2024-08-16 13:15:00;1.975;35.275;30.715;4.2
18;2024-08-16 13:30:00;2.05;30.65;30.86;4.3
18;2024-08-16 13:45:00;2.125;26.025;31.005;4.4
18;2024-08-16 14:00:00;2.2;21.4;31.15;4.5
18;2024-08-16 14:15:00;2.3;18.55;31.2125;4.625
18;2024-08-16 14:30:00;2.4;15.7;31.275;4.75
18;2024-08-16 14:45:00;2.5;12.85;31.3375;4.875
18;2024-08-16 15:00:00;2.6;10;31.4;5
18;2024-08-16 15:15:00;2.725;8.15;31.3725;5.1
18;2024-08-16 15:30:00;2.85;6.3;31.345;5.2
18;2024-08-16 15:45:00;2.975;4.45;31.3175;5.3
18;2024-08-16 16:00:00;3.1;2.6;31.29;5.4
18;2024-08-16 16:15:00;3.2;0.25;31.1425;5.5
18;2024-08-16 16:30:00;3.3;357.9;30.995;5.6
18;2024-08-16 16:45:00;3.4;355.55;30.8475;5.7
18;2024-08-16 17:00:00;3.5;353.2;30.7;5.8
18;2024-08-16 17:15:00;3.725;351.2;30.37;5.9
18;2024-08-16 17:30:00;3.95;349.2;30.04;6
18;2024-08-16 17:45:00;4.175;347.2;29.71;6.1
18;2024-08-17 00:00:00;4.9;7.7;19.6;5.8
18;2024-08-17 00:15:00;4.75;7.625;19.39;5.65
18;2024-08-17 00:30:00;4.6;7.55;19.18;5.5
18;2024-08-17 00:45:00;4.45;7.475;18.97;5.35
18;2024-08-17 01:00:00;4.3;7.4;18.76;5.2
18;2024-08-17 01:15:00;4.225;6.475;18.5725;5.1
18;2024-08-17 01:30:00;4.15;5.55;18.385;5
18;2024-08-17 01:45:00;4.075;4.625;18.1975;4.9
18;2024-08-17 02:00:00;4;3.7;18.01;4.8
18;2024-08-17 02:15:00;3.95;3;17.845;4.75
18;2024-08-17 02:30:00;3.9;2.3;17.68;4.7
18;2024-08-17 02:45:00;3.85;1.6;17.515;4.65
18;2024-08-17 03:00:00;3.8;0.9;17.35;4.6
18;2024-08-17 03:15:00;3.8;0.3;17.2025;4.6
18;2024-08-17 03:30:00;3.8;359.7;17.055;4.6
18;2024-08-17 03:45:00;3.8;359.1;16.9075;4.6
18;2024-08-17 04:00:00;3.8;358.5;16.76;4.6
18;2024-08-17 04:15:00;3.8;358.15;16.6375;4.6
18;2024-08-17 04:30:00;3.8;357.8;16.515;4.6
18;2024-08-17 04:45:00;3.8;357.45;16.3925;4.6
18;2024-08-17 05:00:00;3.8;357.1;16.27;4.6
18;2024-08-17 05:15:00;3.85;357.15;16.1925;4.65
18;2024-08-17 05:30:00;3.9;357.2;16.115;4.7
18;2024-08-17 05:45:00;3.95;357.25;16.0375;4.75
18;2024-08-17 12:00:00;4;323.4;29.18;6.6
18;2024-08-17 12:15:00;4.2;322;29.245;6.85
18;2024-08-17 12:30:00;4.4;320.6;29.31;7.1
18;2024-08-17 12:45:00;4.6;319.2;29.375;7.35
18;2024-08-17 13:00:00;4.8;317.8;29.44;7.6
18;2024-08-17 13:15:00;5;317.225;29.39;7.85
18;2024-08-17 13:30:00;5.2;316.65;29.34;8.1
18;2024-08-17 13:45:00;5.4;316.075;29.29;8.35
18;2024-08-17 14:00:00;5.6;315.5;29.24;8.6
18;2024-08-17 14:15:00;5.775;315.525;29.0925;8.825
18;2024-08-17 14:30:00;5.95;315.55;28.945;9.05
18;2024-08-17 14:45:00;6.125;315.575;28.7975;9.275
18;2024-08-17 15:00:00;6.3;315.6;28.65;9.5
18;2024-08-17 15:15:00;6.4;315.475;28.41;9.6
18;2024-08-17 15:30:00;6.5;315.35;28.17;9.7
18;2024-08-17 15:45:00;6.6;315.225;27.93;9.8
18;2024-08-17 16:00:00;6.7;315.1;27.69;9.9
18;2024-08-17 16:15:00;6.775;315.375;27.3475;9.975
18;2024-08-17 16:30:00;6.85;315.65;27.005;10.05
18;2024-08-17 16:45:00;6.925;315.925;26.6625;10.125
18;2024-08-17 17:00:00;7;316.2;26.32;10.2
18;2024-08-17 17:15:00;7.025;316.35;25.895;10.175
18;2024-08-17 17:30:00;7.05;316.5;25.47;10.15
18;2024-08-17 17:45:00;7.075;316.65;25.045;10.125
18;2024-08-18 00:00:00;6.6;343.6;17.34;7.8
18;2024-08-18 00:15:00;6.5;344.125;17.25;7.675
18;2024-08-18 00:30:00;6.4;344.65;17.16;7.55
18;2024-08-18 00:45:00;6.3;345.175;17.07;7.425
18;2024-08-18 01:00:00;6.2;345.7;16.98;7.3
18;2024-08-18 01:15:00;6.125;345.725;16.8825;7.225
18;2024-08-18 01:30:00;6.05;345.75;16.785;7.15
18;2024-08-18 01:45:00;5.975;345.775;16.6875;7.075
18;2024-08-18 02:00:00;5.9;345.8;16.59;7
18;2024-08-18 02:15:00;5.875;345.975;16.5;6.95
18;2024-08-18 02:30:00;5.85;346.15;16.41;6.9
18;2024-08-18 02:45:00;5.825;346.325;16.32;6.85
18;2024-08-18 03:00:00;5.8;346.5;16.23;6.8
18;2024-08-18 03:15:00;5.75;346.675;16.145;6.75
18;2024-08-18 03:30:00;5.7;346.85;16.06;6.7
18;2024-08-18 03:45:00;5.65;347.025;15.975;6.65
18;2024-08-18 04:00:00;5.6;347.2;15.89;6.6
18;2024-08-18 04:15:00;5.575;347.8;15.83;6.575
18;2024-08-18 04:30:00;5.55;348.4;15.77;6.55
18;2024-08-18 04:45:00;5.525;349;15.71;6.525
18;2024-08-18 05:00:00;5.5;349.6;15.65;6.5
18;2024-08-18 05:15:00;5.475;350.35;15.6425;6.45
18;2024-08-18 05:30:00;5.45;351.1;15.635;6.4
18;2024-08-18 05:45:00;5.425;351.85;15.6275;6.35
18;2024-08-18 12:00:00;3.2;345.7;26.05;5.5
18;2024-08-18 12:15:00;3.275;343.325;26.295;5.625
18;2024-08-18 12:30:00;3.35;340.95;26.54;5.75
18;2024-08-18 12:45:00;3.425;338.575;26.785;5.875
18;2024-08-18 13:00:00;3.5;336.2;27.03;6
18;2024-08-18 13:15:00;3.625;335.275;27.1325;6.175
18;2024-08-18 13:30:00;3.75;334.35;27.235;6.35
18;2024-08-18 13:45:00;3.875;333.425;27.3375;6.525
18;2024-08-18 14:00:00;4;332.5;27.44;6.7
18;2024-08-18 14:15:00;4.125;331.925;27.4025;6.85
18;2024-08-18 14:30:00;4.25;331.35;27.365;7
18;2024-08-18 14:45:00;4.375;330.775;27.3275;7.15
18;2024-08-18 15:00:00;4.5;330.2;27.29;7.3
18;2024-08-18 15:15:00;4.6;329.9;27.135;7.375
18;2024-08-18 15:30:00;4.7;329.6;26.98;7.45
18;2024-08-18 15:45:00;4.8;329.3;26.825;7.525
18;2024-08-18 16:00:00;4.9;329;26.67;7.6
18;2024-08-18 16:15:00;4.975;329.225;26.395;7.65
18;2024-08-18 16:30:00;5.05;329.45;26.12;7.7
18;2024-08-18 16:45:00;5.125;329.675;25.845;7.75
18;2024-08-18 17:00:00;5.2;329.9;25.57;7.8
18;2024-08-18 17:15:00;5.2;330.275;25.19;7.75
18;2024-08-18 17:30:00;5.2;330.65;24.81;7.7
18;2024-08-18 17:45:00;5.2;331.025;24.43;7.65
18;2024-08-19 00:00:00;4.7;351.5;17.05;5.5
18;2024-08-19 00:15:00;4.65;353.15;16.9525;5.45
18;2024-08-19 00:30:00;4.6;354.8;16.855;5.4
18;2024-08-19 00:45:00;4.55;356.45;16.7575;5.35
18;2024-08-19 01:00:00;4.5;358.1;16.66;5.3
18;2024-08-19 01:15:00;4.475;0.025;16.5575;5.275
18;2024-08-19 01:30:00;4.45;1.95;16.455;5.25
18;2024-08-19 01:45:00;4.425;3.875;16.3525;5.225
18;2024-08-19 02:00:00;4.4;5.8;16.25;5.2
18;2024-08-19 02:15:00;4.4;8.775;16.14;5.175
18;2024-08-19 02:30:00;4.4;11.75;16.03;5.15
18;2024-08-19 02:45:00;4.4;14.725;15.92;5.125
18;2024-08-19 03:00:00;4.4;17.7;15.81;5.1
18;2024-08-19 03:15:00;4.425;21.6;15.71;5.15
18;2024-08-19 03:30:00;4.45;25.5;15.61;5.2
18;2024-08-19 03:45:00;4.475;29.4;15.51;5.25
18;2024-08-19 04:00:00;4.5;33.3;15.41;5.3
18;2024-08-19 04:15:00;4.575;37.175;15.3175;5.425
18;2024-08-19 04:30:00;4.65;41.05;15.225;5.55
18;2024-08-19 04:45:00;4.725;44.925;15.1325;5.675
18;2024-08-19 05:00:00;4.8;48.8;15.04;5.8
18;2024-08-19 05:15:00;4.85;52.025;14.97;5.85
18;2024-08-19 05:30:00;4.9;55.25;14.9;5.9
18;2024-08-19 05:45:00;4.95;58.475;14.83;5.95
18;2024-08-19 12:00:00;2.6;350.6;27.8;4.8
18;2024-08-19 12:15:00;2.775;348.925;27.995;5.075
18;2024-08-19 12:30:00;2.95;347.25;28.19;5.35
18;2024-08-19 12:45:00;3.125;345.575;28.385;5.625
18;2024-08-19 13:00:00;3.3;343.9;28.58;5.9
18;2024-08-19 13:15:00;3.5;343.175;28.6675;6.15
18;2024-08-19 13:30:00;3.7;342.45;28.755;6.4
18;2024-08-19 13:45:00;3.9;341.725;28.8425;6.65
18;2024-08-19 14:00:00;4.1;341;28.93;6.9
18;2024-08-19 14:15:00;4.25;340.35;28.91;7.075
18;2024-08-19 14:30:00;4.4;339.7;28.89;7.25
18;2024-08-19 14:45:00;4.55;339.05;28.87;7.425
18;2024-08-19 15:00:00;4.7;338.4;28.85;7.6
18;2024-08-19 15:15:00;4.825;337.775;28.725;7.725
18;2024-08-19 15:30:00;4.95;337.15;28.6;7.85
18;2024-08-19 15:45:00;5.075;336.525;28.475;7.975
18;2024-08-19 16:00:00;5.2;335.9;28.35;8.1
18;2024-08-19 16:15:00;5.325;335.625;28.09;8.2
18;2024-08-19 16:30:00;5.45;335.35;27.83;8.3
18;2024-08-19 16:45:00;5.575;335.075;27.57;8.4
18;2024-08-19 17:00:00;5.7;334.8;27.31;8.5
18;2024-08-19 17:15:00;5.725;334.35;26.9075;8.45
18;2024-08-19 17:30:00;5.75;333.9;26.505;8.4
18;2024-08-19 17:45:00;5.775;333.45;26.1025;8.35
18;2024-08-20 00:00:00;6.1;346.2;16.72;7.2
18;2024-08-20 00:15:00;6.1;346.35;16.5975;7.225
18;2024-08-20 00:30:00;6.1;346.5;16.475;7.25
18;2024-08-20 00:45:00;6.1;346.65;16.3525;7.275
18;2024-08-20 01:00:00;6.1;346.8;16.23;7.3
18;2024-08-20 01:15:00;6.1;347.025;16.1125;7.275
18;2024-08-20 01:30:00;6.1;347.25;15.995;7.25
18;2024-08-20 01:45:00;6.1;347.475;15.8775;7.225
18;2024-08-20 02:00:00;6.1;347.7;15.76;7.2
18;2024-08-20 02:15:00;6.075;348.55;15.6525;7.2
18;2024-08-20 02:30:00;6.05;349.4;15.545;7.2
18;2024-08-20 02:45:00;6.025;350.25;15.4375;7.2
18;2024-08-20 03:00:00;6;351.1;15.33;7.2
18;2024-08-20 03:15:00;6;352.275;15.2325;7.175
18;2024-08-20 03:30:00;6;353.45;15.135;7.15
18;2024-08-20 03:45:00;6;354.625;15.0375;7.125
18;2024-08-20 04:00:00;6;355.8;14.94;7.1
18;2024-08-20 04:15:00;5.975;357.175;14.865;7.075
18;2024-08-20 04:30:00;5.95;358.55;14.79;7.05
18;2024-08-20 04:45:00;5.925;359.925;14.715;7.025
18;2024-08-20 05:00:00;5.9;1.3;14.64;7
18;2024-08-20 05:15:00;5.875;2.3;14.5925;6.975
18;2024-08-20 05:30:00;5.85;3.3;14.545;6.95
18;2024-08-20 05:45:00;5.825;4.3;14.4975;6.925
18;2024-08-20 12:00:00;3.8;351.7;27.3;6.7
18;2024-08-20 12:15:00;3.85;350.125;27.47;6.7
18;2024-08-20 12:30:00;3.9;348.55;27.64;6.7
18;2024-08-20 12:45:00;3.95;346.975;27.81;6.7
18;2024-08-20 13:00:00;4;345.4;27.98;6.7
18;2024-08-20 13:15:00;4.075;343.75;28.05;6.825
18;2024-08-20 13:30:00;4.15;342.1;28.12;6.95
18;2024-08-20 13:45:00;4.225;340.45;28.19;7.075
18;2024-08-20 14:00:00;4.3;338.8;28.26;7.2
18;2024-08-20 14:15:00;4.4;337.9;28.2275;7.275
18;2024-08-20 14:30:00;4.5;337;28.195;7.35
18;2024-08-20 14:45:00;4.6;336.1;28.1625;7.425
18;2024-08-20 15:00:00;4.7;335.2;28.13;7.5
18;2024-08-20 15:15:00;4.75;334.725;28;7.55
18;2024-08-20 15:30:00;4.8;334.25;27.87;7.6
18;2024-08-20 15:45:00;4.85;333.775;27.74;7.65
18;2024-08-20 16:00:00;4.9;333.3;27.61;7.7
18;2024-08-20 16:15:00;4.95;333.425;27.38;7.725
18;2024-08-20 16:30:00;5;333.55;27.15;7.75
18;2024-08-20 16:45:00;5.05;333.675;26.92;7.775
18;2024-08-20 17:00:00;5.1;333.8;26.69;7.8
18;2024-08-20 17:15:00;5.125;334.55;26.3475;7.75
18;2024-08-20 17:30:00;5.15;335.3;26.005;7.7
18;2024-08-20 17:45:00;5.175;336.05;25.6625;7.65
18;2024-08-21 00:00:00;5.4;34.9;17.27;6.5
18;2024-08-21 00:15:00;5.525;38.125;17.125;6.65
18;2024-08-21 00:30:00;5.65;41.35;16.98;6.8
18;2024-08-21 00:45:00;5.775;44.575;16.835;6.95
18;2024-08-21 01:00:00;5.9;47.8;16.69;7.1
18;2024-08-21 01:15:00;6.2;51.2;16.5775;7.45
18;2024-08-21 01:30:00;6.5;54.6;16.465;7.8
18;2024-08-21 01:45:00;6.8;58;16.3525;8.15
18;2024-08-21 02:00:00;7.1;61.4;16.24;8.5
18;2024-08-21 02:15:00;7.525;65.175;16.2075;9.05
18;2024-08-21 02:30:00;7.95;68.95;16.175;9.6
18;2024-08-21 02:45:00;8.375;72.725;16.1425;10.15
18;2024-08-21 03:00:00;8.8;76.5;16.11;10.7
18;2024-08-21 03:15:00;9.075;78.525;16.0425;11.05
18;2024-08-21 03:30:00;9.35;80.55;15.975;11.4
18;2024-08-21 03:45:00;9.625;82.575;15.9075;11.75
18;2024-08-21 04:00:00;9.9;84.6;15.84;12.1
18;2024-08-21 04:15:00;10.075;85.3;15.73;12.325
18;2024-08-21 04:30:00;10.25;86;15.62;12.55
18;2024-08-21 04:45:00;10.425;86.7;15.51;12.775
18;2024-08-21 05:00:00;10.6;87.4;15.4;13
18;2024-08-21 05:15:00;10.6;87.75;15.2325;13.05
18;2024-08-21 05:30:00;10.6;88.1;15.065;13.1
18;2024-08-21 05:45:00;10.6;88.45;14.8975;13.15
18;2024-08-21 12:00:00;2.3;126.2;28.39;4.5
18;2024-08-21 12:15:00;2.2;146.4;28.7675;4.45
18;2024-08-21 12:30:00;2.1;166.6;29.145;4.4
18;2024-08-21 12:45:00;2;186.8;29.5225;4.35
18;2024-08-21 13:00:00;1.9;207;29.9;4.3
18;2024-08-21 13:15:00;2.175;214.85;30.055;4.625
18;2024-08-21 13:30:00;2.45;222.7;30.21;4.95
18;2024-08-21 13:45:00;2.725;230.55;30.365;5.275
18;2024-08-21 14:00:00;3;238.4;30.52;5.6
18;2024-08-21 14:15:00;3.125;241.8;30.505;5.725
18;2024-08-21 14:30:00;3.25;245.2;30.49;5.85
18;2024-08-21 14:45:00;3.375;248.6;30.475;5.975
18;2024-08-21 15:00:00;3.5;252;30.46;6.1
18;2024-08-21 15:15:00;3.5;255.475;30.3275;6.1
18;2024-08-21 15:30:00;3.5;258.95;30.195;6.1
18;2024-08-21 15:45:00;3.5;262.425;30.0625;6.1
18;2024-08-21 16:00:00;3.5;265.9;29.93;6.1
18;2024-08-21 16:15:00;3.475;269.025;29.6725;6
18;2024-08-21 16:30:00;3.45;272.15;29.415;5.9
18;2024-08-21 16:45:00;3.425;275.275;29.1575;5.8
18;2024-08-21 17:00:00;3.4;278.4;28.9;5.7
18;2024-08-21 17:15:00;3.425;282.65;28.4925;5.6
18;2024-08-21 17:30:00;3.45;286.9;28.085;5.5
18;2024-08-21 17:45:00;3.475;291.15;27.6775;5.4
18;2024-08-22 00:00:00;2.8;303.9;15.4;3.4
18;2024-08-22 00:15:00;2.825;302.675;15.2075;3.425
18;2024-08-22 00:30:00;2.85;301.45;15.015;3.45
18;2024-08-22 00:45:00;2.875;300.225;14.8225;3.475
18;2024-08-22 01:00:00;2.9;299;14.63;3.5
18;2024-08-22 01:15:00;3;299.25;14.4625;3.625
18;2024-08-22 01:30:00;3.1;299.5;14.295;3.75
18;2024-08-22 01:45:00;3.2;299.75;14.1275;3.875
18;2024-08-22 02:00:00;3.3;300;13.96;4
18;2024-08-22 02:15:00;3.35;300.5;13.785;4.025
18;2024-08-22 02:30:00;3.4;301;13.61;4.05
18;2024-08-22 02:45:00;3.45;301.5;13.435;4.075
18;2024-08-22 03:00:00;3.5;302;13.26;4.1
18;2024-08-22 03:15:00;3.5;302.85;13.09;4.1
18;2024-08-22 03:30:00;3.5;303.7;12.92;4.1
18;2024-08-22 03:45:00;3.5;304.55;12.75;4.1
18;2024-08-22 04:00:00;3.5;305.4;12.58;4.1
18;2024-08-22 04:15:00;3.45;306.025;12.4225;4.05
18;2024-08-22 04:30:00;3.4;306.65;12.265;4
18;2024-08-22 04:45:00;3.35;307.275;12.1075;3.95
18;2024-08-22 05:00:00;3.3;307.9;11.95;3.9
18;2024-08-22 05:15:00;3.3;308.625;11.815;3.9
18;2024-08-22 05:30:00;3.3;309.35;11.68;3.9
18;2024-08-22 05:45:00;3.3;310.075;11.545;3.9
18;2024-08-22 12:00:00;2.6;300;25.35;5
18;2024-08-22 12:15:00;2.725;299.45;25.4775;5.175
18;2024-08-22 12:30:00;2.85;298.9;25.605;5.35
18;2024-08-22 12:45:00;2.975;298.35;25.7325;5.525
18;2024-08-22 13:00:00;3.1;297.8;25.86;5.7
18;2024-08-22 13:15:00;3.25;298.025;25.825;5.85
18;2024-08-22 13:30:00;3.4;298.25;25.79;6
18;2024-08-22 13:45:00;3.55;298.475;25.755;6.15
18;2024-08-22 14:00:00;3.7;298.7;25.72;6.3
18;2024-08-22 14:15:00;3.825;299.7;25.5575;6.45
18;2024-08-22 14:30:00;3.95;300.7;25.395;6.6
18;2024-08-22 14:45:00;4.075;301.7;25.2325;6.75
18;2024-08-22 15:00:00;4.2;302.7;25.07;6.9
18;2024-08-22 15:15:00;4.3;304.075;24.7725;7.025
18;2024-08-22 15:30:00;4.4;305.45;24.475;7.15
18;2024-08-22 15:45:00;4.5;306.825;24.1775;7.275
18;2024-08-22 16:00:00;4.6;308.2;23.88;7.4
18;2024-08-22 16:15:00;4.675;309.625;23.455;7.425
18;2024-08-22 16:30:00;4.75;311.05;23.03;7.45
18;2024-08-22 16:45:00;4.825;312.475;22.605;7.475
18;2024-08-22 17:00:00;4.9;313.9;22.18;7.5
18;2024-08-22 17:15:00;4.875;314.375;21.6875;7.425
18;2024-08-22 17:30:00;4.85;314.85;21.195;7.35
18;2024-08-22 17:45:00;4.825;315.325;20.7025;7.275
18;2024-08-23 00:00:00;7;338.8;12.9;8.2
18;2024-08-23 00:15:00;6.975;339.175;12.84;8.175
18;2024-08-23 00:30:00;6.95;339.55;12.78;8.15
18;2024-08-23 00:45:00;6.925;339.925;12.72;8.125
18;2024-08-23 01:00:00;6.9;340.3;12.66;8.1
18;2024-08-23 01:15:00;6.875;340.725;12.6175;8.1
18;2024-08-23 01:30:00;6.85;341.15;12.575;8.1
18;2024-08-23 01:45:00;6.825;341.575;12.5325;8.1
18;2024-08-23 02:00:00;6.8;342;12.49;8.1
18;2024-08-23 02:15:00;6.75;342.5;12.465;8.025
18;2024-08-23 02:30:00;6.7;343;12.44;7.95
18;2024-08-23 02:45:00;6.65;343.5;12.415;7.875
18;2024-08-23 03:00:00;6.6;344;12.39;7.8
18;2024-08-23 03:15:00;6.5;344.525;12.375;7.675
18;2024-08-23 03:30:00;6.4;345.05;12.36;7.55
18;2024-08-23 03:45:00;6.3;345.575;12.345;7.425
18;2024-08-23 04:00:00;6.2;346.1;12.33;7.3
18;2024-08-23 04:15:00;6.1;346.725;12.32;7.2
18;2024-08-23 04:30:00;6;347.35;12.31;7.1
18;2024-08-23 04:45:00;5.9;347.975;12.3;7
18;2024-08-23 05:00:00;5.8;348.6;12.29;6.9
18;2024-08-23 05:15:00;5.7;349.025;12.2775;6.775
18;2024-08-23 05:30:00;5.6;349.45;12.265;6.65
18;2024-08-23 05:45:00;5.5;349.875;12.2525;6.525
18;2024-08-23 12:00:00;0.6;325;26.26;2.5
18;2024-08-23 12:15:00;0.725;316.275;26.5125;2.7
18;2024-08-23 12:30:00;0.85;307.55;26.765;2.9
18;2024-08-23 12:45:00;0.975;298.825;27.0175;3.1
18;2024-08-23 13:00:00;1.1;290.1;27.27;3.3
18;2024-08-23 13:15:00;1.225;286.9;27.4275;3.425
18;2024-08-23 13:30:00;1.35;283.7;27.585;3.55
18;2024-08-23 13:45:00;1.475;280.5;27.7425;3.675
18;2024-08-23 14:00:00;1.6;277.3;27.9;3.8
18;2024-08-23 14:15:00;1.7;278.05;27.915;3.925
18;2024-08-23 14:30:00;1.8;278.8;27.93;4.05
18;2024-08-23 14:45:00;1.9;279.55;27.945;4.175
18;2024-08-23 15:00:00;2;280.3;27.96;4.3
18;2024-08-23 15:15:00;2.075;280.85;27.855;4.35
18;2024-08-23 15:30:00;2.15;281.4;27.75;4.4
18;2024-08-23 15:45:00;2.225;281.95;27.645;4.45
18;2024-08-23 16:00:00;2.3;282.5;27.54;4.5
18;2024-08-23 16:15:00;2.325;283.975;27.3175;4.475
18;2024-08-23 16:30:00;2.35;285.45;27.095;4.45
18;2024-08-23 16:45:00;2.375;286.925;26.8725;4.425
18;2024-08-23 17:00:00;2.4;288.4;26.65;4.4
18;2024-08-23 17:15:00;2.475;291.7;26.2475;4.4
18;2024-08-23 17:30:00;2.55;295;25.845;4.4
18;2024-08-23 17:45:00;2.625;298.3;25.4425;4.4
19;2024-08-03 00:00:00;4.4;327.5;16.13;5.4
19;2024-08-03 00:15:00;4.275;328.475;15.9525;5.25
19;2024-08-03 00:30:00;4.15;329.45;15.775;5.1
19;2024-08-03 00:45:00;4.025;330.425;15.5975;4.95
19;2024-08-03 01:00:00;3.9;331.4;15.42;4.8
19;2024-08-03 01:15:00;3.775;333.225;15.285;4.675
19;2024-08-03 01:30:00;3.65;335.05;15.15;4.55
19;2024-08-03 01:45:00;3.525;336.875;15.015;4.425
19;2024-08-03 02:00:00;3.4;338.7;14.88;4.3
19;2024-08-03 02:15:00;3.225;342.8;14.7675;4.1
19;2024-08-03 02:30:00;3.05;346.9;14.655;3.9
19;2024-08-03 02:45:00;2.875;351;14.5425;3.7
19;2024-08-03 03:00:00;2.7;355.1;14.43;3.5
19;2024-08-03 03:15:00;2.625;2.1;14.36;3.4
19;2024-08-03 03:30:00;2.55;9.1;14.29;3.3
19;2024-08-03 03:45:00;2.475;16.1;14.22;3.2
19;2024-08-03 04:00:00;2.4;23.1;14.15;3.1
19;2024-08-03 04:15:00;2.45;29.825;14.1175;3.125
19;2024-08-03 04:30:00;2.5;36.55;14.085;3.15
19;2024-08-03 04:45:00;2.55;43.275;14.0525;3.175
19;2024-08-03 05:00:00;2.6;50;14.02;3.2
19;2024-08-03 05:15:00;2.825;54.325;14.2075;3.475
19;2024-08-03 05:30:00;3.05;58.65;14.395;3.75
19;2024-08-03 05:45:00;3.275;62.975;14.5825;4.025
19;2024-08-03 12:00:00;2;85.1;28.66;4.3
19;2024-08-03 12:15:00;1.75;81.85;28.975;4.125
19;2024-08-03 12:30:00;1.5;78.6;29.29;3.95
19;2024-08-03 12:45:00;1.25;75.35;29.605;3.775
19;2024-08-03 13:00:00;1;72.1;29.92;3.6
19;2024-08-03 13:15:00;0.925;49.65;30.1075;3.475
19;2024-08-03 13:30:00;0.85;27.2;30.295;3.35
19;2024-08-03 13:45:00;0.775;4.75;30.4825;3.225
19;2024-08-03 14:00:00;0.7;342.3;30.67;3.1
19;2024-08-03 14:15:00;0.925;336.6;30.76;3.3
19;2024-08-03 14:30:00;1.15;330.9;30.85;3.5
19;2024-08-03 14:45:00;1.375;325.2;30.94;3.7
19;2024-08-03 15:00:00;1.6;319.5;31.03;3.9
19;2024-08-03 15:15:00;1.8;319.225;31.0525;4.1
19;2024-08-03 15:30:00;2;318.95;31.075;4.3
19;2024-08-03 15:45:00;2.2;318.675;31.0975;4.5
19;2024-08-03 16:00:00;2.4;318.4;31.12;4.7
19;2024-08-03 16:15:00;2.5;319.1;31.0525;4.775
19;2024-08-03 16:30:00;2.6;319.8;30.985;4.85
19;2024-08-03 16:45:00;2.7;320.5;30.9175;4.925
19;2024-08-03 17:00:00;2.8;321.2;30.85;5
19;2024-08-03 17:15:00;2.9;321.675;30.6475;5.05
19;2024-08-03 17:30:00;3;322.15;30.445;5.1
19;2024-08-03 17:45:00;3.1;322.625;30.2425;5.15
19;2024-08-04 00:00:00;3.6;355.6;18.7;4.4
19;2024-08-04 00:15:00;3.525;357.225;18.495;4.325
19;2024-08-04 00:30:00;3.45;358.85;18.29;4.25
19;2024-08-04 00:45:00;3.375;0.475;18.085;4.175
19;2024-08-04 01:00:00;3.3;2.1;17.88;4.1
19;2024-08-04 01:15:00;3.225;3.85;17.7;4
19;2024-08-04 01:30:00;3.15;5.6;17.52;3.9
19;2024-08-04 01:45:00;3.075;7.35;17.34;3.8
19;2024-08-04 02:00:00;3;9.1;17.16;3.7
19;2024-08-04 02:15:00;2.925;12.525;17.005;3.625
19;2024-08-04 02:30:00;2.85;15.95;16.85;3.55
19;2024-08-04 02:45:00;2.775;19.375;16.695;3.475
19;2024-08-04 03:00:00;2.7;22.8;16.54;3.4
19;2024-08-04 03:15:00;2.75;28.95;16.41;3.425
19;2024-08-04 03:30:00;2.8;35.1;16.28;3.45
19;2024-08-04 03:45:00;2.85;41.25;16.15;3.475
19;2024-08-04 04:00:00;2.9;47.4;16.02;3.5
19;2024-08-04 04:15:00;3;52.35;15.9675;3.65
19;2024-08-04 04:30:00;3.1;57.3;15.915;3.8
19;2024-08-04 04:45:00;3.2;62.25;15.8625;3.95
19;2024-08-04 05:00:00;3.3;67.2;15.81;4.1
19;2024-08-04 05:15:00;3.45;70.4;15.9275;4.275
19;2024-08-04 05:30:00;3.6;73.6;16.045;4.45
19;2024-08-04 05:45:00;3.75;76.8;16.1625;4.625
19;2024-08-04 12:00:00;0.4;139.2;30.69;2.5
19;2024-08-04 12:15:00;0.6;171.125;30.9675;2.75
19;2024-08-04 12:30:00;0.8;203.05;31.245;3
19;2024-08-04 12:45:00;1;234.975;31.5225;3.25
19;2024-08-04 13:00:00;1.2;266.9;31.8;3.5
19;2024-08-04 13:15:00;1.475;270.375;31.965;3.825
19;2024-08-04 13:30:00;1.75;273.85;32.13;4.15
19;2024-08-04 13:45:00;2.025;277.325;32.295;4.475
19;2024-08-04 14:00:00;2.3;280.8;32.46;4.8
19;2024-08-04 14:15:00;2.525;281.65;32.5075;5.075
19;2024-08-04 14:30:00;2.75;282.5;32.555;5.35
19;2024-08-04 14:45:00;2.975;283.35;32.6025;5.625
19;2024-08-04 15:00:00;3.2;284.2;32.65;5.9
19;2024-08-04 15:15:00;3.375;285.05;32.585;6.1
19;2024-08-04 15:30:00;3.55;285.9;32.52;6.3
19;2024-08-04 15:45:00;3.725;286.75;32.455;6.5
19;2024-08-04 16:00:00;3.9;287.6;32.39;6.7
19;2024-08-04 16:15:00;4.025;287.9;32.21;6.825
19;2024-08-04 16:30:00;4.15;288.2;32.03;6.95
19;2024-08-04 16:45:00;4.275;288.5;31.85;7.075
19;2024-08-04 17:00:00;4.4;288.8;31.67;7.2
19;2024-08-04 17:15:00;4.525;288.55;31.345;7.275
19;2024-08-04 17:30:00;4.65;288.3;31.02;7.35
19;2024-08-04 17:45:00;4.775;288.05;30.695;7.425
19;2024-08-05 00:00:00;4.7;313;19.31;5.8
19;2024-08-05 00:15:00;4.625;312.8;19.0725;5.7
19;2024-08-05 00:30:00;4.55;312.6;18.835;5.6
19;2024-08-05 00:45:00;4.475;312.4;18.5975;5.5
19;2024-08-05 01:00:00;4.4;312.2;18.36;5.4
19;2024-08-05 01:15:00;4.375;311.575;18.1475;5.375
19;2024-08-05 01:30:00;4.35;310.95;17.935;5.35
19;2024-08-05 01:45:00;4.325;310.325;17.7225;5.325
19;2024-08-05 02:00:00;4.3;309.7;17.51;5.3
19;2024-08-05 02:15:00;4.3;309.525;17.325;5.275
19;2024-08-05 02:30:00;4.3;309.35;17.14;5.25
19;2024-08-05 02:45:00;4.3;309.175;16.955;5.225
19;2024-08-05 03:00:00;4.3;309;16.77;5.2
19;2024-08-05 03:15:00;4.25;308.825;16.6025;5.175
19;2024-08-05 03:30:00;4.2;308.65;16.435;5.15
19;2024-08-05 03:45:00;4.15;308.475;16.2675;5.125
19;2024-08-05 04:00:00;4.1;308.3;16.1;5.1
19;2024-08-05 04:15:00;4.05;308.475;15.955;5.025
19;2024-08-05 04:30:00;4;308.65;15.81;4.95
19;2024-08-05 04:45:00;3.95;308.825;15.665;4.875
19;2024-08-05 05:00:00;3.9;309;15.52;4.8
19;2024-08-05 05:15:00;3.9;309;15.5475;4.8
19;2024-08-05 05:30:00;3.9;309;15.575;4.8
19;2024-08-05 05:45:00;3.9;309;15.6025;4.8
19;2024-08-05 12:00:00;3.8;289.3;29.52;6.8
19;2024-08-05 12:15:00;4.025;288.425;29.69;7.125
19;2024-08-05 12:30:00;4.25;287.55;29.86;7.45
19;2024-08-05 12:45:00;4.475;286.675;30.03;7.775
19;2024-08-05 13:00:00;4.7;285.8;30.2;8.1
19;2024-08-05 13:15:00;4.9;285.8;30.245;8.325
19;2024-08-05 13:30:00;5.1;285.8;30.29;8.55
19;2024-08-05 13:45:00;5.3;285.8;30.335;8.775
19;2024-08-05 14:00:00;5.5;285.8;30.38;9
19;2024-08-05 14:15:00;5.625;286.175;30.3225;9.175
19;2024-08-05 14:30:00;5.75;286.55;30.265;9.35
19;2024-08-05 14:45:00;5.875;286.925;30.2075;9.525
19;2024-08-05 15:00:00;6;287.3;30.15;9.7
19;2024-08-05 15:15:00;6.05;287.875;30.015;9.75
19;2024-08-05 15:30:00;6.1;288.45;29.88;9.8
19;2024-08-05 15:45:00;6.15;289.025;29.745;9.85
19;2024-08-05 16:00:00;6.2;289.6;29.61;9.9
19;2024-08-05 16:15:00;6.225;289.95;29.3975;9.9
19;2024-08-05 16:30:00;6.25;290.3;29.185;9.9
19;2024-08-05 16:45:00;6.275;290.65;28.9725;9.9
19;2024-08-05 17:00:00;6.3;291;28.76;9.9
19;2024-08-05 17:15:00;6.35;291.4;28.43;9.875
19;2024-08-05 17:30:00;6.4;291.8;28.1;9.85
19;2024-08-05 17:45:00;6.45;292.2;27.77;9.825
19;2024-08-06 00:00:00;5.2;306.5;17.39;6.4
19;2024-08-06 00:15:00;5.15;306.475;17.2275;6.325
19;2024-08-06 00:30:00;5.1;306.45;17.065;6.25
19;2024-08-06 00:45:00;5.05;306.425;16.9025;6.175
19;2024-08-06 01:00:00;5;306.4;16.74;6.1
19;2024-08-06 01:15:00;4.975;306.875;16.585;6.075
19;2024-08-06 01:30:00;4.95;307.35;16.43;6.05
19;2024-08-06 01:45:00;4.925;307.825;16.275;6.025
19;2024-08-06 02:00:00;4.9;308.3;16.12;6
19;2024-08-06 02:15:00;4.85;309.1;15.975;5.925
19;2024-08-06 02:30:00;4.8;309.9;15.83;5.85
19;2024-08-06 02:45:00;4.75;310.7;15.685;5.775
19;2024-08-06 03:00:00;4.7;311.5;15.54;5.7
19;2024-08-06 03:15:00;4.625;311.925;15.41;5.625
19;2024-08-06 03:30:00;4.55;312.35;15.28;5.55
19;2024-08-06 03:45:00;4.475;312.775;15.15;5.475
19;2024-08-06 04:00:00;4.4;313.2;15.02;5.4
19;2024-08-06 04:15:00;4.35;313.775;14.9025;5.35
19;2024-08-06 04:30:00;4.3;314.35;14.785;5.3
19;2024-08-06 04:45:00;4.25;314.925;14.6675;5.25
19;2024-08-06 05:00:00;4.2;315.5;14.55;5.2
19;2024-08-06 05:15:00;4.15;315.5;14.6175;5.15
19;2024-08-06 05:30:00;4.1;315.5;14.685;5.1
19;2024-08-06 05:45:00;4.05;315.5;14.7525;5.05
19;2024-08-06 12:00:00;3.1;305.9;27.96;5.9
19;2024-08-06 12:15:00;3.275;304.2;28.1825;6.15
19;2024-08-06 12:30:00;3.45;302.5;28.405;6.4
19;2024-08-06 12:45:00;3.625;300.8;28.6275;6.65
19;2024-08-06 13:00:00;3.8;299.1;28.85;6.9
19;2024-08-06 13:15:00;4.025;298;28.9575;7.175
19;2024-08-06 13:30:00;4.25;296.9;29.065;7.45
19;2024-08-06 13:45:00;4.475;295.8;29.1725;7.725
19;2024-08-06 14:00:00;4.7;294.7;29.28;8
19;2024-08-06 14:15:00;4.9;294.225;29.165;8.25
19;2024-08-06 14:30:00;5.1;293.75;29.05;8.5
19;2024-08-06 14:45:00;5.3;293.275;28.935;8.75
19;2024-08-06 15:00:00;5.5;292.8;28.82;9
19;2024-08-06 15:15:00;5.675;292.75;28.545;9.15
19;2024-08-06 15:30:00;5.85;292.7;28.27;9.3
19;2024-08-06 15:45:00;6.025;292.65;27.995;9.45
19;2024-08-06 16:00:00;6.2;292.6;27.72;9.6
19;2024-08-06 16:15:00;6.225;293.4;27.485;9.625
19;2024-08-06 16:30:00;6.25;294.2;27.25;9.65
19;2024-08-06 16:45:00;6.275;295;27.015;9.675
19;2024-08-06 17:00:00;6.3;295.8;26.78;9.7
19;2024-08-06 17:15:00;6.225;296;26.525;9.55
19;2024-08-06 17:30:00;6.15;296.2;26.27;9.4
19;2024-08-06 17:45:00;6.075;296.4;26.015;9.25
19;2024-08-07 00:00:00;4.4;310.6;18.36;5.4
19;2024-08-07 00:15:00;4.175;311.725;18.2075;5.15
19;2024-08-07 00:30:00;3.95;312.85;18.055;4.9
19;2024-08-07 00:45:00;3.725;313.975;17.9025;4.65
19;2024-08-07 01:00:00;3.5;315.1;17.75;4.4
19;2024-08-07 01:15:00;3.325;317.9;17.6;4.175
19;2024-08-07 01:30:00;3.15;320.7;17.45;3.95
19;2024-08-07 01:45:00;2.975;323.5;17.3;3.725
19;2024-08-07 02:00:00;2.8;326.3;17.15;3.5
19;2024-08-07 02:15:00;2.65;330.35;17.01;3.325
19;2024-08-07 02:30:00;2.5;334.4;16.87;3.15
19;2024-08-07 02:45:00;2.35;338.45;16.73;2.975
19;2024-08-07 03:00:00;2.2;342.5;16.59;2.8
19;2024-08-07 03:15:00;2.1;351.65;16.445;2.675
19;2024-08-07 03:30:00;2;0.8;16.3;2.55
19;2024-08-07 03:45:00;1.9;9.95;16.155;2.425
19;2024-08-07 04:00:00;1.8;19.1;16.01;2.3
19;2024-08-07 04:15:00;1.95;29.65;15.9025;2.475
19;2024-08-07 04:30:00;2.1;40.2;15.795;2.65
19;2024-08-07 04:45:00;2.25;50.75;15.6875;2.825
19;2024-08-07 05:00:00;2.4;61.3;15.58;3
19;2024-08-07 05:15:00;2.675;66.125;15.7;3.325
19;2024-08-07 05:30:00;2.95;70.95;15.82;3.65
19;2024-08-07 05:45:00;3.225;75.775;15.94;3.975
19;2024-08-07 12:00:00;0.9;105.1;28.77;3.1
19;2024-08-07 12:15:00;0.725;64.7;29.085;2.975
19;2024-08-07 12:30:00;0.55;24.3;29.4;2.85
19;2024-08-07 12:45:00;0.375;343.9;29.715;2.725
19;2024-08-07 13:00:00;0.2;303.5;30.03;2.6
19;2024-08-07 13:15:00;0.475;299.925;30.2125;2.875
19;2024-08-07 13:30:00;0.75;296.35;30.395;3.15
19;2024-08-07 13:45:00;1.025;292.775;30.5775;3.425
19;2024-08-07 14:00:00;1.3;289.2;30.76;3.7
19;2024-08-07 14:15:00;1.55;288.075;30.84;3.975
19;2024-08-07 14:30:00;1.8;286.95;30.92;4.25
19;2024-08-07 14:45:00;2.05;285.825;31;4.525
19;2024-08-07 15:00:00;2.3;284.7;31.08;4.8
19;2024-08-07 15:15:00;2.5;285.075;31.0625;5.05
19;2024-08-07 15:30:00;2.7;285.45;31.045;5.3
19;2024-08-07 15:45:00;2.9;285.825;31.0275;5.55
19;2024-08-07 16:00:00;3.1;286.2;31.01;5.8
19;2024-08-07 16:15:00;3.25;286.6;30.8775;5.9
19;2024-08-07 16:30:00;3.4;287;30.745;6
19;2024-08-07 16:45:00;3.55;287.4;30.6125;6.1
19;2024-08-07 17:00:00;3.7;287.8;30.48;6.2
19;2024-08-07 17:15:00;3.775;287.85;30.2275;6.225
19;2024-08-07 17:30:00;3.85;287.9;29.975;6.25
19;2024-08-07 17:45:00;3.925;287.95;29.7225;6.275
19;2024-08-08 00:00:00;3.7;312.2;20.27;4.6
19;2024-08-08 00:15:00;3.525;313.125;20.0825;4.4
19;2024-08-08 00:30:00;3.35;314.05;19.895;4.2
19;2024-08-08 00:45:00;3.175;314.975;19.7075;4
19;2024-08-08 01:00:00;3;315.9;19.52;3.8
19;2024-08-08 01:15:00;2.85;317.75;19.3475;3.625
19;2024-08-08 01:30:00;2.7;319.6;19.175;3.45
19;2024-08-08 01:45:00;2.55;321.45;19.0025;3.275
19;2024-08-08 02:00:00;2.4;323.3;18.83;3.1
19;2024-08-08 02:15:00;2.15;332.725;18.67;2.825
19;2024-08-08 02:30:00;1.9;342.15;18.51;2.55
19;2024-08-08 02:45:00;1.65;351.575;18.35;2.275
19;2024-08-08 03:00:00;1.4;1;18.19;2
19;2024-08-08 03:15:00;1.425;12.975;18.03;2
19;2024-08-08 03:30:00;1.45;24.95;17.87;2
19;2024-08-08 03:45:00;1.475;36.925;17.71;2
19;2024-08-08 04:00:00;1.5;48.9;17.55;2
19;2024-08-08 04:15:00;1.7;55.075;17.4775;2.225
19;2024-08-08 04:30:00;1.9;61.25;17.405;2.45
19;2024-08-08 04:45:00;2.1;67.425;17.3325;2.675
19;2024-08-08 05:00:00;2.3;73.6;17.26;2.9
19;2024-08-08 05:15:00;2.55;76.5;17.3825;3.15
19;2024-08-08 05:30:00;2.8;79.4;17.505;3.4
19;2024-08-08 05:45:00;3.05;82.3;17.6275;3.65
19;2024-08-08 12:00:00;1.5;113.9;31.03;3.7
19;2024-08-08 12:15:00;1.3;130.025;31.335;3.5
19;2024-08-08 12:30:00;1.1;146.15;31.64;3.3
19;2024-08-08 12:45:00;0.9;162.275;31.945;3.1
19;2024-08-08 13:00:00;0.7;178.4;32.25;2.9
19;2024-08-08 13:15:00;0.875;196.75;32.4375;3.15
19;2024-08-08 13:30:00;1.05;215.1;32.625;3.4
19;2024-08-08 13:45:00;1.225;233.45;32.8125;3.65
19;2024-08-08 14:00:00;1.4;251.8;33;3.9
19;2024-08-08 14:15:00;1.675;257.6;33.045;4.15
19;2024-08-08 14:30:00;1.95;263.4;33.09;4.4
19;2024-08-08 14:45:00;2.225;269.2;33.135;4.65
19;2024-08-08 15:00:00;2.5;275;33.18;4.9
19;2024-08-08 15:15:00;2.75;276.7;33.1275;5.2
19;2024-08-08 15:30:00;3;278.4;33.075;5.5
19;2024-08-08 15:45:00;3.25;280.1;33.0225;5.8
19;2024-08-08 16:00:00;3.5;281.8;32.97;6.1
19;2024-08-08 16:15:00;3.65;282.575;32.7875;6.275
19;2024-08-08 16:30:00;3.8;283.35;32.605;6.45
19;2024-08-08 16:45:00;3.95;284.125;32.4225;6.625
19;2024-08-08 17:00:00;4.1;284.9;32.24;6.8
19;2024-08-08 17:15:00;4.225;285.5;31.9175;6.875
19;2024-08-08 17:30:00;4.35;286.1;31.595;6.95
19;2024-08-08 17:45:00;4.475;286.7;31.2725;7.025
19;2024-08-09 00:00:00;3.8;335.1;21.12;4.6
19;2024-08-09 00:15:00;3.675;337.175;20.9;4.475
19;2024-08-09 00:30:00;3.55;339.25;20.68;4.35
19;2024-08-09 00:45:00;3.425;341.325;20.46;4.225
19;2024-08-09 01:00:00;3.3;343.4;20.24;4.1
19;2024-08-09 01:15:00;3.2;345.825;20.0175;3.975
19;2024-08-09 01:30:00;3.1;348.25;19.795;3.85
19;2024-08-09 01:45:00;3;350.675;19.5725;3.725
19;2024-08-09 02:00:00;2.9;353.1;19.35;3.6
19;2024-08-09 02:15:00;2.825;356.225;19.1775;3.5
19;2024-08-09 02:30:00;2.75;359.35;19.005;3.4
19;2024-08-09 02:45:00;2.675;2.475;18.8325;3.3
19;2024-08-09 03:00:00;2.6;5.6;18.66;3.2
19;2024-08-09 03:15:00;2.55;11.8;18.48;3.125
19;2024-08-09 03:30:00;2.5;18;18.3;3.05
19;2024-08-09 03:45:00;2.45;24.2;18.12;2.975
19;2024-08-09 04:00:00;2.4;30.4;17.94;2.9
19;2024-08-09 04:15:00;2.5;37.425;17.84;3.025
19;2024-08-09 04:30:00;2.6;44.45;17.74;3.15
19;2024-08-09 04:45:00;2.7;51.475;17.64;3.275
19;2024-08-09 05:00:00;2.8;58.5;17.54;3.4
19;2024-08-09 05:15:00;2.975;62.95;17.6175;3.625
19;2024-08-09 05:30:00;3.15;67.4;17.695;3.85
19;2024-08-09 05:45:00;3.325;71.85;17.7725;4.075
19;2024-08-09 12:00:00;1.4;96.8;33.1;3.5
19;2024-08-09 12:15:00;1.15;110.275;33.4175;3.275
19;2024-08-09 12:30:00;0.9;123.75;33.735;3.05
19;2024-08-09 12:45:00;0.65;137.225;34.0525;2.825
19;2024-08-09 13:00:00;0.4;150.7;34.37;2.6
19;2024-08-09 13:15:00;0.525;176.55;34.5225;2.725
19;2024-08-09 13:30:00;0.65;202.4;34.675;2.85
19;2024-08-09 13:45:00;0.775;228.25;34.8275;2.975
19;2024-08-09 14:00:00;0.9;254.1;34.98;3.1
19;2024-08-09 14:15:00;1.15;259.575;35.03;3.4
19;2024-08-09 14:30:00;1.4;265.05;35.08;3.7
19;2024-08-09 14:45:00;1.65;270.525;35.13;4
19;2024-08-09 15:00:00;1.9;276;35.18;4.3
19;2024-08-09 15:15:00;2.15;278.475;35.1275;4.55
19;2024-08-09 15:30:00;2.4;280.95;35.075;4.8
19;2024-08-09 15:45:00;2.65;283.425;35.0225;5.05
19;2024-08-09 16:00:00;2.9;285.9;34.97;5.3
19;2024-08-09 16:15:00;3.1;286.775;34.8075;5.525
19;2024-08-09 16:30:00;3.3;287.65;34.645;5.75
19;2024-08-09 16:45:00;3.5;288.525;34.4825;5.975
19;2024-08-09 17:00:00;3.7;289.4;34.32;6.2
19;2024-08-09 17:15:00;3.875;290.1;34.01;6.35
19;2024-08-09 17:30:00;4.05;290.8;33.7;6.5
19;2024-08-09 17:45:00;4.225;291.5;33.39;6.65
19;2024-08-10 00:00:00;3.9;343.1;23.84;4.9
19;2024-08-10 00:15:00;3.675;347.6;23.615;4.6
19;2024-08-10 00:30:00;3.45;352.1;23.39;4.3
19;2024-08-10 00:45:00;3.225;356.6;23.165;4
19;2024-08-10 01:00:00;3;1.1;22.94;3.7
19;2024-08-10 01:15:00;2.875;8.775;22.755;3.575
19;2024-08-10 01:30:00;2.75;16.45;22.57;3.45
19;2024-08-10 01:45:00;2.625;24.125;22.385;3.325
19;2024-08-10 02:00:00;2.5;31.8;22.2;3.2
19;2024-08-10 02:15:00;2.625;39.175;22.075;3.325
19;2024-08-10 02:30:00;2.75;46.55;21.95;3.45
19;2024-08-10 02:45:00;2.875;53.925;21.825;3.575
19;2024-08-10 03:00:00;3;61.3;21.7;3.7
19;2024-08-10 03:15:00;3.175;65.25;21.645;3.925
19;2024-08-10 03:30:00;3.35;69.2;21.59;4.15
19;2024-08-10 03:45:00;3.525;73.15;21.535;4.375
19;2024-08-10 04:00:00;3.7;77.1;21.48;4.6
19;2024-08-10 04:15:00;4;79.325;21.405;4.925
19;2024-08-10 04:30:00;4.3;81.55;21.33;5.25
19;2024-08-10 04:45:00;4.6;83.775;21.255;5.575
19;2024-08-10 05:00:00;4.9;86;21.18;5.9
19;2024-08-10 05:15:00;5.1;87.525;21.1275;6.15
19;2024-08-10 05:30:00;5.3;89.05;21.075;6.4
19;2024-08-10 05:45:00;5.5;90.575;21.0225;6.65
19;2024-08-10 12:00:00;3;132.7;33.66;5.5
19;2024-08-10 12:15:00;2.8;141.5;33.9825;5.3
19;2024-08-10 12:30:00;2.6;150.3;34.305;5.1
19;2024-08-10 12:45:00;2.4;159.1;34.6275;4.9
19;2024-08-10 13:00:00;2.2;167.9;34.95;4.7
19;2024-08-10 13:15:00;2.2;174.3;35.1475;4.75
19;2024-08-10 13:30:00;2.2;180.7;35.345;4.8
19;2024-08-10 13:45:00;2.2;187.1;35.5425;4.85
19;2024-08-10 14:00:00;2.2;193.5;35.74;4.9
19;2024-08-10 14:15:00;2.25;196.875;35.79;4.975
19;2024-08-10 14:30:00;2.3;200.25;35.84;5.05
19;2024-08-10 14:45:00;2.35;203.625;35.89;5.125
19;2024-08-10 15:00:00;2.4;207;35.94;5.2
19;2024-08-10 15:15:00;2.475;211.4;35.88;5.275
19;2024-08-10 15:30:00;2.55;215.8;35.82;5.35
19;2024-08-10 15:45:00;2.625;220.2;35.76;5.425
19;2024-08-10 16:00:00;2.7;224.6;35.7;5.5
19;2024-08-10 16:15:00;2.85;229.45;35.5325;5.6
19;2024-08-10 16:30:00;3;234.3;35.365;5.7
19;2024-08-10 16:45:00;3.15;239.15;35.1975;5.8
19;2024-08-10 17:00:00;3.3;244;35.03;5.9
19;2024-08-10 17:15:00;3.45;247.85;34.705;5.975
19;2024-08-10 17:30:00;3.6;251.7;34.38;6.05
19;2024-08-10 17:45:00;3.75;255.55;34.055;6.125
19;2024-08-11 00:00:00;5.1;292.4;23.36;6.3
19;2024-08-11 00:15:00;4.925;292.875;23.195;6.1
19;2024-08-11 00:30:00;4.75;293.35;23.03;5.9
19;2024-08-11 00:45:00;4.575;293.825;22.865;5.7
19;2024-08-11 01:00:00;4.4;294.3;22.7;5.5
19;2024-08-11 01:15:00;4.25;294.725;22.53;5.3
19;2024-08-11 01:30:00;4.1;295.15;22.36;5.1
19;2024-08-11 01:45:00;3.95;295.575;22.19;4.9
19;2024-08-11 02:00:00;3.8;296;22.02;4.7
19;2024-08-11 02:15:00;3.625;296.275;21.8425;4.5
19;2024-08-11 02:30:00;3.45;296.55;21.665;4.3
19;2024-08-11 02:45:00;3.275;296.825;21.4875;4.1
19;2024-08-11 03:00:00;3.1;297.1;21.31;3.9
19;2024-08-11 03:15:00;2.9;297.35;21.13;3.65
19;2024-08-11 03:30:00;2.7;297.6;20.95;3.4
19;2024-08-11 03:45:00;2.5;297.85;20.77;3.15
19;2024-08-11 04:00:00;2.3;298.1;20.59;2.9
19;2024-08-11 04:15:00;2.125;296.65;20.415;2.675
19;2024-08-11 04:30:00;1.95;295.2;20.24;2.45
19;2024-08-11 04:45:00;1.775;293.75;20.065;2.225
19;2024-08-11 05:00:00;1.6;292.3;19.89;2
19;2024-08-11 05:15:00;1.525;288.725;19.8375;1.95
19;2024-08-11 05:30:00;1.45;285.15;19.785;1.9
19;2024-08-11 05:45:00;1.375;281.575;19.7325;1.85
19;2024-08-11 12:00:00;4;262.2;32.9;6.9
19;2024-08-11 12:15:00;4.25;262.725;32.9475;7.275
19;2024-08-11 12:30:00;4.5;263.25;32.995;7.65
19;2024-08-11 12:45:00;4.75;263.775;33.0425;8.025
19;2024-08-11 13:00:00;5;264.3;33.09;8.4
19;2024-08-11 13:15:00;5.225;265.1;33;8.725
19;2024-08-11 13:30:00;5.45;265.9;32.91;9.05
19;2024-08-11 13:45:00;5.675;266.7;32.82;9.375
19;2024-08-11 14:00:00;5.9;267.5;32.73;9.7
19;2024-08-11 14:15:00;6.05;268.425;32.51;9.925
19;2024-08-11 14:30:00;6.2;269.35;32.29;10.15
19;2024-08-11 14:45:00;6.35;270.275;32.07;10.375
19;2024-08-11 15:00:00;6.5;271.2;31.85;10.6
19;2024-08-11 15:15:00;6.625;271.825;31.545;10.725
19;2024-08-11 15:30:00;6.75;272.45;31.24;10.85
19;2024-08-11 15:45:00;6.875;273.075;30.935;10.975
19;2024-08-11 16:00:00;7;273.7;30.63;11.1
19;2024-08-11 16:15:00;7.025;274.225;30.29;11.075
19;2024-08-11 16:30:00;7.05;274.75;29.95;11.05
19;2024-08-11 16:45:00;7.075;275.275;29.61;11.025
19;2024-08-11 17:00:00;7.1;275.8;29.27;11
19;2024-08-11 17:15:00;7.075;276.275;28.895;10.85
19;2024-08-11 17:30:00;7.05;276.75;28.52;10.7
19;2024-08-11 17:45:00;7.025;277.225;28.145;10.55
19;2024-08-12 00:00:00;5.8;287.9;17.66;7
19;2024-08-12 00:15:00;5.75;288.225;17.43;6.975
19;2024-08-12 00:30:00;5.7;288.55;17.2;6.95
19;2024-08-12 00:45:00;5.65;288.875;16.97;6.925
19;2024-08-12 01:00:00;5.6;289.2;16.74;6.9
19;2024-08-12 01:15:00;5.575;288.9;16.535;6.825
19;2024-08-12 01:30:00;5.55;288.6;16.33;6.75
19;2024-08-12 01:45:00;5.525;288.3;16.125;6.675
19;2024-08-12 02:00:00;5.5;288;15.92;6.6
19;2024-08-12 02:15:00;5.45;287.6;15.7525;6.575
19;2024-08-12 02:30:00;5.4;287.2;15.585;6.55
19;2024-08-12 02:45:00;5.35;286.8;15.4175;6.525
19;2024-08-12 03:00:00;5.3;286.4;15.25;6.5
19;2024-08-12 03:15:00;5.3;286.1;15.1;6.5
19;2024-08-12 03:30:00;5.3;285.8;14.95;6.5
19;2024-08-12 03:45:00;5.3;285.5;14.8;6.5
19;2024-08-12 04:00:00;5.3;285.2;14.65;6.5
19;2024-08-12 04:15:00;5.2;285.475;14.5125;6.4
19;2024-08-12 04:30:00;5.1;285.75;14.375;6.3
19;2024-08-12 04:45:00;5;286.025;14.2375;6.2
19;2024-08-12 05:00:00;4.9;286.3;14.1;6.1
19;2024-08-12 05:15:00;4.85;286.9;14.0425;6.025
19;2024-08-12 05:30:00;4.8;287.5;13.985;5.95
19;2024-08-12 05:45:00;4.75;288.1;13.9275;5.875
19;2024-08-12 12:00:00;4.5;289;27.27;7.7
19;2024-08-12 12:15:00;4.7;288.7;27.4825;8
19;2024-08-12 12:30:00;4.9;288.4;27.695;8.3
19;2024-08-12 12:45:00;5.1;288.1;27.9075;8.6
19;2024-08-12 13:00:00;5.3;287.8;28.12;8.9
19;2024-08-12 13:15:00;5.55;287.575;28.1725;9.225
19;2024-08-12 13:30:00;5.8;287.35;28.225;9.55
19;2024-08-12 13:45:00;6.05;287.125;28.2775;9.875
19;2024-08-12 14:00:00;6.3;286.9;28.33;10.2
19;2024-08-12 14:15:00;6.5;286.675;28.2675;10.475
19;2024-08-12 14:30:00;6.7;286.45;28.205;10.75
19;2024-08-12 14:45:00;6.9;286.225;28.1425;11.025
19;2024-08-12 15:00:00;7.1;286;28.08;11.3
19;2024-08-12 15:15:00;7.275;286.125;27.905;11.5
19;2024-08-12 15:30:00;7.45;286.25;27.73;11.7
19;2024-08-12 15:45:00;7.625;286.375;27.555;11.9
19;2024-08-12 16:00:00;7.8;286.5;27.38;12.1
19;2024-08-12 16:15:00;7.85;286.6;27.1225;12.125
19;2024-08-12 16:30:00;7.9;286.7;26.865;12.15
19;2024-08-12 16:45:00;7.95;286.8;26.6075;12.175
19;2024-08-12 17:00:00;8;286.9;26.35;12.2
19;2024-08-12 17:15:00;7.95;286.975;26.0025;12.075
19;2024-08-12 17:30:00;7.9;287.05;25.655;11.95
19;2024-08-12 17:45:00;7.85;287.125;25.3075;11.825
19;2024-08-13 00:00:00;7;287.2;16.11;9.1
19;2024-08-13 00:15:00;6.975;287.2;15.9;9.05
19;2024-08-13 00:30:00;6.95;287.2;15.69;9
19;2024-08-13 00:45:00;6.925;287.2;15.48;8.95
19;2024-08-13 01:00:00;6.9;287.2;15.27;8.9
19;2024-08-13 01:15:00;6.85;287.025;15.0675;8.8
19;2024-08-13 01:30:00;6.8;286.85;14.865;8.7
19;2024-08-13 01:45:00;6.75;286.675;14.6625;8.6
19;2024-08-13 02:00:00;6.7;286.5;14.46;8.5
19;2024-08-13 02:15:00;6.725;286.575;14.2925;8.5
19;2024-08-13 02:30:00;6.75;286.65;14.125;8.5
19;2024-08-13 02:45:00;6.775;286.725;13.9575;8.5
19;2024-08-13 03:00:00;6.8;286.8;13.79;8.5
19;2024-08-13 03:15:00;6.75;287.075;13.7625;8.5
19;2024-08-13 03:30:00;6.7;287.35;13.735;8.5
19;2024-08-13 03:45:00;6.65;287.625;13.7075;8.5
19;2024-08-13 04:00:00;6.6;287.9;13.68;8.5
19;2024-08-13 04:15:00;6.525;288.75;13.7075;8.475
19;2024-08-13 04:30:00;6.45;289.6;13.735;8.45
19;2024-08-13 04:45:00;6.375;290.45;13.7625;8.425
19;2024-08-13 05:00:00;6.3;291.3;13.79;8.4
19;2024-08-13 05:15:00;6.225;291.175;13.855;8.325
19;2024-08-13 05:30:00;6.15;291.05;13.92;8.25
19;2024-08-13 05:45:00;6.075;290.925;13.985;8.175
19;2024-08-13 12:00:00;5.8;280.7;23.51;9.5
19;2024-08-13 12:15:00;6;281;23.58;9.8
19;2024-08-13 12:30:00;6.2;281.3;23.65;10.1
19;2024-08-13 12:45:00;6.4;281.6;23.72;10.4
19;2024-08-13 13:00:00;6.6;281.9;23.79;10.7
19;2024-08-13 13:15:00;6.75;282.25;23.5425;10.875
19;2024-08-13 13:30:00;6.9;282.6;23.295;11.05
19;2024-08-13 13:45:00;7.05;282.95;23.0475;11.225
19;2024-08-13 14:00:00;7.2;283.3;22.8;11.4
19;2024-08-13 14:15:00;7.175;283.6;22.2625;11.3
19;2024-08-13 14:30:00;7.15;283.9;21.725;11.2
19;2024-08-13 14:45:00;7.125;284.2;21.1875;11.1
19;2024-08-13 15:00:00;7.1;284.5;20.65;11
19;2024-08-13 15:15:00;7.05;284.475;20.4325;10.9
19;2024-08-13 15:30:00;7;284.45;20.215;10.8
19;2024-08-13 15:45:00;6.95;284.425;19.9975;10.7
19;2024-08-13 16:00:00;6.9;284.4;19.78;10.6
19;2024-08-13 16:15:00;6.875;284.775;19.87;10.6
19;2024-08-13 16:30:00;6.85;285.15;19.96;10.6
19;2024-08-13 16:45:00;6.825;285.525;20.05;10.6
19;2024-08-13 17:00:00;6.8;285.9;20.14;10.6
19;2024-08-13 17:15:00;6.775;286.725;20.035;10.5
19;2024-08-13 17:30:00;6.75;287.55;19.93;10.4
19;2024-08-13 17:45:00;6.725;288.375;19.825;10.3
19;2024-08-14 00:00:00;4.7;307.8;15.52;6.1
19;2024-08-14 00:15:00;4.7;308.125;15.3175;6.075
19;2024-08-14 00:30:00;4.7;308.45;15.115;6.05
19;2024-08-14 00:45:00;4.7;308.775;14.9125;6.025
19;2024-08-14 01:00:00;4.7;309.1;14.71;6
19;2024-08-14 01:15:00;4.7;309.75;14.52;5.975
19;2024-08-14 01:30:00;4.7;310.4;14.33;5.95
19;2024-08-14 01:45:00;4.7;311.05;14.14;5.925
19;2024-08-14 02:00:00;4.7;311.7;13.95;5.9
19;2024-08-14 02:15:00;4.65;312.7;13.835;5.85
19;2024-08-14 02:30:00;4.6;313.7;13.72;5.8
19;2024-08-14 02:45:00;4.55;314.7;13.605;5.75
19;2024-08-14 03:00:00;4.5;315.7;13.49;5.7
19;2024-08-14 03:15:00;4.45;317.1;13.4125;5.65
19;2024-08-14 03:30:00;4.4;318.5;13.335;5.6
19;2024-08-14 03:45:00;4.35;319.9;13.2575;5.55
19;2024-08-14 04:00:00;4.3;321.3;13.18;5.5
19;2024-08-14 04:15:00;4.25;323;13.1275;5.425
19;2024-08-14 04:30:00;4.2;324.7;13.075;5.35
19;2024-08-14 04:45:00;4.15;326.4;13.0225;5.275
19;2024-08-14 05:00:00;4.1;328.1;12.97;5.2
19;2024-08-14 05:15:00;4.025;329.75;13;5.125
19;2024-08-14 05:30:00;3.95;331.4;13.03;5.05
19;2024-08-14 05:45:00;3.875;333.05;13.06;4.975
19;2024-08-14 12:00:00;1.7;17;24.64;4.2
19;2024-08-14 12:15:00;1.75;13.775;24.92;4.325
19;2024-08-14 12:30:00;1.8;10.55;25.2;4.45
19;2024-08-14 12:45:00;1.85;7.325;25.48;4.575
19;2024-08-14 13:00:00;1.9;4.1;25.76;4.7
19;2024-08-14 13:15:00;1.975;1.8;25.9675;4.8
19;2024-08-14 13:30:00;2.05;359.5;26.175;4.9
19;2024-08-14 13:45:00;2.125;357.2;26.3825;5
19;2024-08-14 14:00:00;2.2;354.9;26.59;5.1
19;2024-08-14 14:15:00;2.3;353.45;26.695;5.15
19;2024-08-14 14:30:00;2.4;352;26.8;5.2
19;2024-08-14 14:45:00;2.5;350.55;26.905;5.25
19;2024-08-14 15:00:00;2.6;349.1;27.01;5.3
19;2024-08-14 15:15:00;2.7;348.3;27.0175;5.325
19;2024-08-14 15:30:00;2.8;347.5;27.025;5.35
19;2024-08-14 15:45:00;2.9;346.7;27.0325;5.375
19;2024-08-14 16:00:00;3;345.9;27.04;5.4
19;2024-08-14 16:15:00;3.1;346.275;26.965;5.55
19;2024-08-14 16:30:00;3.2;346.65;26.89;5.7
19;2024-08-14 16:45:00;3.3;347.025;26.815;5.85
19;2024-08-14 17:00:00;3.4;347.4;26.74;6
19;2024-08-14 17:15:00;3.45;347.6;26.5025;5.95
19;2024-08-14 17:30:00;3.5;347.8;26.265;5.9
19;2024-08-14 17:45:00;3.55;348;26.0275;5.85
19;2024-08-15 00:00:00;4.6;53.3;16.13;5.7
19;2024-08-15 00:15:00;4.725;58;16.0325;5.85
19;2024-08-15 00:30:00;4.85;62.7;15.935;6
19;2024-08-15 00:45:00;4.975;67.4;15.8375;6.15
19;2024-08-15 01:00:00;5.1;72.1;15.74;6.3
19;2024-08-15 01:15:00;5.35;75.475;15.6275;6.575
19;2024-08-15 01:30:00;5.6;78.85;15.515;6.85
19;2024-08-15 01:45:00;5.85;82.225;15.4025;7.125
19;2024-08-15 02:00:00;6.1;85.6;15.29;7.4
19;2024-08-15 02:15:00;6.325;87.55;15.205;7.65
19;2024-08-15 02:30:00;6.55;89.5;15.12;7.9
19;2024-08-15 02:45:00;6.775;91.45;15.035;8.15
19;2024-08-15 03:00:00;7;93.4;14.95;8.4
19;2024-08-15 03:15:00;7.125;94.275;14.82;8.55
19;2024-08-15 03:30:00;7.25;95.15;14.69;8.7
19;2024-08-15 03:45:00;7.375;96.025;14.56;8.85
19;2024-08-15 04:00:00;7.5;96.9;14.43;9
19;2024-08-15 04:15:00;7.525;97.15;14.2675;9.075
19;2024-08-15 04:30:00;7.55;97.4;14.105;9.15
19;2024-08-15 04:45:00;7.575;97.65;13.9425;9.225
19;2024-08-15 05:00:00;7.6;97.9;13.78;9.3
19;2024-08-15 05:15:00;7.6;97.875;13.65;9.3
19;2024-08-15 05:30:00;7.6;97.85;13.52;9.3
19;2024-08-15 05:45:00;7.6;97.825;13.39;9.3
19;2024-08-15 12:00:00;3.2;89.5;25.82;5.8
19;2024-08-15 12:15:00;2.975;87.675;26.145;5.55
19;2024-08-15 12:30:00;2.75;85.85;26.47;5.3
19;2024-08-15 12:45:00;2.525;84.025;26.795;5.05
19;2024-08-15 13:00:00;2.3;82.2;27.12;4.8
19;2024-08-15 13:15:00;2.2;77.725;27.41;4.75
19;2024-08-15 13:30:00;2.1;73.25;27.7;4.7
19;2024-08-15 13:45:00;2;68.775;27.99;4.65
19;2024-08-15 14:00:00;1.9;64.3;28.28;4.6
19;2024-08-15 14:15:00;1.85;59.825;28.46;4.475
19;2024-08-15 14:30:00;1.8;55.35;28.64;4.35
19;2024-08-15 14:45:00;1.75;50.875;28.82;4.225
19;2024-08-15 15:00:00;1.7;46.4;29;4.1
19;2024-08-15 15:15:00;1.675;42.625;29.0825;4.025
19;2024-08-15 15:30:00;1.65;38.85;29.165;3.95
19;2024-08-15 15:45:00;1.625;35.075;29.2475;3.875
19;2024-08-15 16:00:00;1.6;31.3;29.33;3.8
19;2024-08-15 16:15:00;1.625;28.075;29.3075;3.725
19;2024-08-15 16:30:00;1.65;24.85;29.285;3.65
19;2024-08-15 16:45:00;1.675;21.625;29.2625;3.575
19;2024-08-15 17:00:00;1.7;18.4;29.24;3.5
19;2024-08-15 17:15:00;1.675;15.175;29.08;3.325
19;2024-08-15 17:30:00;1.65;11.95;28.92;3.15
19;2024-08-15 17:45:00;1.625;8.725;28.76;2.975
19;2024-08-16 00:00:00;2.3;39.3;17.85;2.8
19;2024-08-16 00:15:00;2.325;42.775;17.6975;2.85
19;2024-08-16 00:30:00;2.35;46.25;17.545;2.9
19;2024-08-16 00:45:00;2.375;49.725;17.3925;2.95
19;2024-08-16 01:00:00;2.4;53.2;17.24;3
19;2024-08-16 01:15:00;2.55;58.275;17.14;3.15
19;2024-08-16 01:30:00;2.7;63.35;17.04;3.3
19;2024-08-16 01:45:00;2.85;68.425;16.94;3.45
19;2024-08-16 02:00:00;3;73.5;16.84;3.6
19;2024-08-16 02:15:00;3.2;76.75;16.7375;3.825
19;2024-08-16 02:30:00;3.4;80;16.635;4.05
19;2024-08-16 02:45:00;3.6;83.25;16.5325;4.275
19;2024-08-16 03:00:00;3.8;86.5;16.43;4.5
19;2024-08-16 03:15:00;4.025;88.8;16.3625;4.8
19;2024-08-16 03:30:00;4.25;91.1;16.295;5.1
19;2024-08-16 03:45:00;4.475;93.4;16.2275;5.4
19;2024-08-16 04:00:00;4.7;95.7;16.16;5.7
19;2024-08-16 04:15:00;4.9;96.825;16.0775;5.9
19;2024-08-16 04:30:00;5.1;97.95;15.995;6.1
19;2024-08-16 04:45:00;5.3;99.075;15.9125;6.3
19;2024-08-16 05:00:00;5.5;100.2;15.83;6.5
19;2024-08-16 05:15:00;5.6;100.6;15.7525;6.625
19;2024-08-16 05:30:00;5.7;101;15.675;6.75
19;2024-08-16 05:45:00;5.8;101.4;15.5975;6.875
19;2024-08-16 12:00:00;1.4;87.4;29.49;3.6
19;2024-08-16 12:15:00;1.25;78.8;29.805;3.5
19;2024-08-16 12:30:00;1.1;70.2;30.12;3.4
19;2024-08-16 12:45:00;0.95;61.6;30.435;3.3
19;2024-08-16 13:00:00;0.8;53;30.75;3.2
19;2024-08-16 13:15:00;0.9;40.7;30.9875;3.275
19;2024-08-16 13:30:00;1;28.4;31.225;3.35
19;2024-08-16 13:45:00;1.1;16.1;31.4625;3.425
19;2024-08-16 14:00:00;1.2;3.8;31.7;3.5
19;2024-08-16 14:15:00;1.35;357.85;31.825;3.6
19;2024-08-16 14:30:00;1.5;351.9;31.95;3.7
19;2024-08-16 14:45:00;1.65;345.95;32.075;3.8
19;2024-08-16 15:00:00;1.8;340;32.2;3.9
19;2024-08-16 15:15:00;1.925;337.4;32.24;4.075
19;2024-08-16 15:30:00;2.05;334.8;32.28;4.25
19;2024-08-16 15:45:00;2.175;332.2;32.32;4.425
19;2024-08-16 16:00:00;2.3;329.6;32.36;4.6
19;2024-08-16 16:15:00;2.5;328.625;32.27;4.775
19;2024-08-16 16:30:00;2.7;327.65;32.18;4.95
19;2024-08-16 16:45:00;2.9;326.675;32.09;5.125
19;2024-08-16 17:00:00;3.1;325.7;32;5.3
19;2024-08-16 17:15:00;3.25;324.45;31.7375;5.35
19;2024-08-16 17:30:00;3.4;323.2;31.475;5.4
19;2024-08-16 17:45:00;3.55;321.95;31.2125;5.45
19;2024-08-17 00:00:00;3.9;341.4;19.87;4.8
19;2024-08-17 00:15:00;3.875;340.7;19.6725;4.775
19;2024-08-17 00:30:00;3.85;340;19.475;4.75
19;2024-08-17 00:45:00;3.825;339.3;19.2775;4.725
19;2024-08-17 01:00:00;3.8;338.6;19.08;4.7
19;2024-08-17 01:15:00;3.8;338.05;18.9;4.7
19;2024-08-17 01:30:00;3.8;337.5;18.72;4.7
19;2024-08-17 01:45:00;3.8;336.95;18.54;4.7
19;2024-08-17 02:00:00;3.8;336.4;18.36;4.7
19;2024-08-17 02:15:00;3.775;336.375;18.1825;4.65
19;2024-08-17 02:30:00;3.75;336.35;18.005;4.6
19;2024-08-17 02:45:00;3.725;336.325;17.8275;4.55
19;2024-08-17 03:00:00;3.7;336.3;17.65;4.5
19;2024-08-17 03:15:00;3.675;336.175;17.485;4.5
19;2024-08-17 03:30:00;3.65;336.05;17.32;4.5
19;2024-08-17 03:45:00;3.625;335.925;17.155;4.5
19;2024-08-17 04:00:00;3.6;335.8;16.99;4.5
19;2024-08-17 04:15:00;3.625;336.075;16.85;4.5
19;2024-08-17 04:30:00;3.65;336.35;16.71;4.5
19;2024-08-17 04:45:00;3.675;336.625;16.57;4.5
19;2024-08-17 05:00:00;3.7;336.9;16.43;4.5
19;2024-08-17 05:15:00;3.675;337.425;16.3475;4.475
19;2024-08-17 05:30:00;3.65;337.95;16.265;4.45
19;2024-08-17 05:45:00;3.625;338.475;16.1825;4.425
19;2024-08-17 12:00:00;3.4;307.5;29.36;6.2
19;2024-08-17 12:15:00;3.6;306.05;29.54;6.5
19;2024-08-17 12:30:00;3.8;304.6;29.72;6.8
19;2024-08-17 12:45:00;4;303.15;29.9;7.1
19;2024-08-17 13:00:00;4.2;301.7;30.08;7.4
19;2024-08-17 13:15:00;4.425;301.05;30.1675;7.7
19;2024-08-17 13:30:00;4.65;300.4;30.255;8
19;2024-08-17 13:45:00;4.875;299.75;30.3425;8.3
19;2024-08-17 14:00:00;5.1;299.1;30.43;8.6
19;2024-08-17 14:15:00;5.225;298.725;30.4275;8.75
19;2024-08-17 14:30:00;5.35;298.35;30.425;8.9
19;2024-08-17 14:45:00;5.475;297.975;30.4225;9.05
19;2024-08-17 15:00:00;5.6;297.6;30.42;9.2
19;2024-08-17 15:15:00;5.7;297.425;30.31;9.3
19;2024-08-17 15:30:00;5.8;297.25;30.2;9.4
19;2024-08-17 15:45:00;5.9;297.075;30.09;9.5
19;2024-08-17 16:00:00;6;296.9;29.98;9.6
19;2024-08-17 16:15:00;6.05;297.175;29.765;9.625
19;2024-08-17 16:30:00;6.1;297.45;29.55;9.65
19;2024-08-17 16:45:00;6.15;297.725;29.335;9.675
19;2024-08-17 17:00:00;6.2;298;29.12;9.7
19;2024-08-17 17:15:00;6.225;298.35;28.7825;9.675
19;2024-08-17 17:30:00;6.25;298.7;28.445;9.65
19;2024-08-17 17:45:00;6.275;299.05;28.1075;9.625
19;2024-08-18 00:00:00;5.2;312.7;18.69;6.4
19;2024-08-18 00:15:00;5.15;312.625;18.56;6.325
19;2024-08-18 00:30:00;5.1;312.55;18.43;6.25
19;2024-08-18 00:45:00;5.05;312.475;18.3;6.175
19;2024-08-18 01:00:00;5;312.4;18.17;6.1
19;2024-08-18 01:15:00;4.925;312.325;18.055;6.025
19;2024-08-18 01:30:00;4.85;312.25;17.94;5.95
19;2024-08-18 01:45:00;4.775;312.175;17.825;5.875
19;2024-08-18 02:00:00;4.7;312.1;17.71;5.8
19;2024-08-18 02:15:00;4.65;311.95;17.595;5.75
19;2024-08-18 02:30:00;4.6;311.8;17.48;5.7
19;2024-08-18 02:45:00;4.55;311.65;17.365;5.65
19;2024-08-18 03:00:00;4.5;311.5;17.25;5.6
19;2024-08-18 03:15:00;4.45;311.875;17.14;5.525
19;2024-08-18 03:30:00;4.4;312.25;17.03;5.45
19;2024-08-18 03:45:00;4.35;312.625;16.92;5.375
19;2024-08-18 04:00:00;4.3;313;16.81;5.3
19;2024-08-18 04:15:00;4.25;313.7;16.6825;5.225
19;2024-08-18 04:30:00;4.2;314.4;16.555;5.15
19;2024-08-18 04:45:00;4.15;315.1;16.4275;5.075
19;2024-08-18 05:00:00;4.1;315.8;16.3;5
19;2024-08-18 05:15:00;4.025;316.875;16.2375;4.925
19;2024-08-18 05:30:00;3.95;317.95;16.175;4.85
19;2024-08-18 05:45:00;3.875;319.025;16.1125;4.775
19;2024-08-18 12:00:00;2;328.5;26.81;4.4
19;2024-08-18 12:15:00;2.125;324.675;27.12;4.6
19;2024-08-18 12:30:00;2.25;320.85;27.43;4.8
19;2024-08-18 12:45:00;2.375;317.025;27.74;5
19;2024-08-18 13:00:00;2.5;313.2;28.05;5.2
19;2024-08-18 13:15:00;2.675;312.1;28.245;5.425
19;2024-08-18 13:30:00;2.85;311;28.44;5.65
19;2024-08-18 13:45:00;3.025;309.9;28.635;5.875
19;2024-08-18 14:00:00;3.2;308.8;28.83;6.1
19;2024-08-18 14:15:00;3.35;308.25;28.895;6.275
19;2024-08-18 14:30:00;3.5;307.7;28.96;6.45
19;2024-08-18 14:45:00;3.65;307.15;29.025;6.625
19;2024-08-18 15:00:00;3.8;306.6;29.09;6.8
19;2024-08-18 15:15:00;3.9;306.45;29.055;6.9
19;2024-08-18 15:30:00;4;306.3;29.02;7
19;2024-08-18 15:45:00;4.1;306.15;28.985;7.1
19;2024-08-18 16:00:00;4.2;306;28.95;7.2
19;2024-08-18 16:15:00;4.25;305.825;28.7975;7.225
19;2024-08-18 16:30:00;4.3;305.65;28.645;7.25
19;2024-08-18 16:45:00;4.35;305.475;28.4925;7.275
19;2024-08-18 17:00:00;4.4;305.3;28.34;7.3
19;2024-08-18 17:15:00;4.425;305.3;28.055;7.25
19;2024-08-18 17:30:00;4.45;305.3;27.77;7.2
19;2024-08-18 17:45:00;4.475;305.3;27.485;7.15
19;2024-08-19 00:00:00;3.7;320;18.12;4.6
19;2024-08-19 00:15:00;3.5;322.525;17.9275;4.375
19;2024-08-19 00:30:00;3.3;325.05;17.735;4.15
19;2024-08-19 00:45:00;3.1;327.575;17.5425;3.925
19;2024-08-19 01:00:00;2.9;330.1;17.35;3.7
19;2024-08-19 01:15:00;2.7;337.45;17.1825;3.475
19;2024-08-19 01:30:00;2.5;344.8;17.015;3.25
19;2024-08-19 01:45:00;2.3;352.15;16.8475;3.025
19;2024-08-19 02:00:00;2.1;359.5;16.68;2.8
19;2024-08-19 02:15:00;2.175;13.875;16.5675;2.85
19;2024-08-19 02:30:00;2.25;28.25;16.455;2.9
19;2024-08-19 02:45:00;2.325;42.625;16.3425;2.95
19;2024-08-19 03:00:00;2.4;57;16.23;3
19;2024-08-19 03:15:00;2.775;63.275;16.205;3.45
19;2024-08-19 03:30:00;3.15;69.55;16.18;3.9
19;2024-08-19 03:45:00;3.525;75.825;16.155;4.35
19;2024-08-19 04:00:00;3.9;82.1;16.13;4.8
19;2024-08-19 04:15:00;4.15;83.8;16.07;5.1
19;2024-08-19 04:30:00;4.4;85.5;16.01;5.4
19;2024-08-19 04:45:00;4.65;87.2;15.95;5.7
19;2024-08-19 05:00:00;4.9;88.9;15.89;6
19;2024-08-19 05:15:00;5;89.55;15.7975;6.125
19;2024-08-19 05:30:00;5.1;90.2;15.705;6.25
19;2024-08-19 05:45:00;5.2;90.85;15.6125;6.375
19;2024-08-19 12:00:00;0.8;353.1;28.04;3.1
19;2024-08-19 12:15:00;1.05;344.55;28.355;3.375
19;2024-08-19 12:30:00;1.3;336;28.67;3.65
19;2024-08-19 12:45:00;1.55;327.45;28.985;3.925
19;2024-08-19 13:00:00;1.8;318.9;29.3;4.2
19;2024-08-19 13:15:00;2.05;317.2;29.51;4.5
19;2024-08-19 13:30:00;2.3;315.5;29.72;4.8
19;2024-08-19 13:45:00;2.55;313.8;29.93;5.1
19;2024-08-19 14:00:00;2.8;312.1;30.14;5.4
19;2024-08-19 14:15:00;2.975;311.3;30.26;5.625
19;2024-08-19 14:30:00;3.15;310.5;30.38;5.85
19;2024-08-19 14:45:00;3.325;309.7;30.5;6.075
19;2024-08-19 15:00:00;3.5;308.9;30.62;6.3
19;2024-08-19 15:15:00;3.675;308.5;30.605;6.525
19;2024-08-19 15:30:00;3.85;308.1;30.59;6.75
19;2024-08-19 15:45:00;4.025;307.7;30.575;6.975
19;2024-08-19 16:00:00;4.2;307.3;30.56;7.2
19;2024-08-19 16:15:00;4.3;307.45;30.4225;7.275
19;2024-08-19 16:30:00;4.4;307.6;30.285;7.35
19;2024-08-19 16:45:00;4.5;307.75;30.1475;7.425
19;2024-08-19 17:00:00;4.6;307.9;30.01;7.5
19;2024-08-19 17:15:00;4.675;308.025;29.695;7.5
19;2024-08-19 17:30:00;4.75;308.15;29.38;7.5
19;2024-08-19 17:45:00;4.825;308.275;29.065;7.5
19;2024-08-20 00:00:00;5.1;316.9;18.45;6.3
19;2024-08-20 00:15:00;5.1;317.1;18.2775;6.3
19;2024-08-20 00:30:00;5.1;317.3;18.105;6.3
19;2024-08-20 00:45:00;5.1;317.5;17.9325;6.3
19;2024-08-20 01:00:00;5.1;317.7;17.76;6.3
19;2024-08-20 01:15:00;5.05;318.225;17.6;6.25
19;2024-08-20 01:30:00;5;318.75;17.44;6.2
19;2024-08-20 01:45:00;4.95;319.275;17.28;6.15
19;2024-08-20 02:00:00;4.9;319.8;17.12;6.1
19;2024-08-20 02:15:00;4.825;320.625;16.965;6
19;2024-08-20 02:30:00;4.75;321.45;16.81;5.9
19;2024-08-20 02:45:00;4.675;322.275;16.655;5.8
19;2024-08-20 03:00:00;4.6;323.1;16.5;5.7
19;2024-08-20 03:15:00;4.525;324.075;16.35;5.6
19;2024-08-20 03:30:00;4.45;325.05;16.2;5.5
19;2024-08-20 03:45:00;4.375;326.025;16.05;5.4
19;2024-08-20 04:00:00;4.3;327;15.9;5.3
19;2024-08-20 04:15:00;4.2;328.3;15.7575;5.2
19;2024-08-20 04:30:00;4.1;329.6;15.615;5.1
19;2024-08-20 04:45:00;4;330.9;15.4725;5
19;2024-08-20 05:00:00;3.9;332.2;15.33;4.9
19;2024-08-20 05:15:00;3.875;333.675;15.22;4.85
19;2024-08-20 05:30:00;3.85;335.15;15.11;4.8
19;2024-08-20 05:45:00;3.825;336.625;15;4.75
19;2024-08-20 12:00:00;2.9;334.2;27.94;5.6
19;2024-08-20 12:15:00;2.975;332.5;28.155;5.7
19;2024-08-20 12:30:00;3.05;330.8;28.37;5.8
19;2024-08-20 12:45:00;3.125;329.1;28.585;5.9
19;2024-08-20 13:00:00;3.2;327.4;28.8;6
19;2024-08-20 13:15:00;3.25;327.2;28.9125;6.075
19;2024-08-20 13:30:00;3.3;327;29.025;6.15
19;2024-08-20 13:45:00;3.35;326.8;29.1375;6.225
19;2024-08-20 14:00:00;3.4;326.6;29.25;6.3
19;2024-08-20 14:15:00;3.475;326.975;29.265;6.375
19;2024-08-20 14:30:00;3.55;327.35;29.28;6.45
19;2024-08-20 14:45:00;3.625;327.725;29.295;6.525
19;2024-08-20 15:00:00;3.7;328.1;29.31;6.6
19;2024-08-20 15:15:00;3.775;328.525;29.225;6.675
19;2024-08-20 15:30:00;3.85;328.95;29.14;6.75
19;2024-08-20 15:45:00;3.925;329.375;29.055;6.825
19;2024-08-20 16:00:00;4;329.8;28.97;6.9
19;2024-08-20 16:15:00;4.075;331.475;28.765;6.925
19;2024-08-20 16:30:00;4.15;333.15;28.56;6.95
19;2024-08-20 16:45:00;4.225;334.825;28.355;6.975
19;2024-08-20 17:00:00;4.3;336.5;28.15;7
19;2024-08-20 17:15:00;4.35;338;27.8175;6.975
19;2024-08-20 17:30:00;4.4;339.5;27.485;6.95
19;2024-08-20 17:45:00;4.45;341;27.1525;6.925
19;2024-08-21 00:00:00;3.8;28.5;16.93;4.7
19;2024-08-21 00:15:00;4;35.9;16.845;4.925
19;2024-08-21 00:30:00;4.2;43.3;16.76;5.15
19;2024-08-21 00:45:00;4.4;50.7;16.675;5.375
19;2024-08-21 01:00:00;4.6;58.1;16.59;5.6
19;2024-08-21 01:15:00;5.125;63.35;16.64;6.25
19;2024-08-21 01:30:00;5.65;68.6;16.69;6.9
19;2024-08-21 01:45:00;6.175;73.85;16.74;7.55
19;2024-08-21 02:00:00;6.7;79.1;16.79;8.2
19;2024-08-21 02:15:00;7.2;81.875;16.85;8.825
19;2024-08-21 02:30:00;7.7;84.65;16.91;9.45
19;2024-08-21 02:45:00;8.2;87.425;16.97;10.075
19;2024-08-21 03:00:00;8.7;90.2;17.03;10.7
19;2024-08-21 03:15:00;8.8;91.1;17.035;10.95
19;2024-08-21 03:30:00;8.9;92;17.04;11.2
19;2024-08-21 03:45:00;9;92.9;17.045;11.45
19;2024-08-21 04:00:00;9.1;93.8;17.05;11.7
19;2024-08-21 04:15:00;9.125;93.9;16.8975;11.75
19;2024-08-21 04:30:00;9.15;94;16.745;11.8
19;2024-08-21 04:45:00;9.175;94.1;16.5925;11.85
19;2024-08-21 05:00:00;9.2;94.2;16.44;11.9
19;2024-08-21 05:15:00;9.25;94.175;16.305;11.975
19;2024-08-21 05:30:00;9.3;94.15;16.17;12.05
19;2024-08-21 05:45:00;9.35;94.125;16.035;12.125
19;2024-08-21 12:00:00;4.5;107;27.53;7.6
19;2024-08-21 12:15:00;4.1;110.45;27.935;7.1
19;2024-08-21 12:30:00;3.7;113.9;28.34;6.6
19;2024-08-21 12:45:00;3.3;117.35;28.745;6.1
19;2024-08-21 13:00:00;2.9;120.8;29.15;5.6
19;2024-08-21 13:15:00;2.575;130.425;29.395;5.175
19;2024-08-21 13:30:00;2.25;140.05;29.64;4.75
19;2024-08-21 13:45:00;1.925;149.675;29.885;4.325
19;2024-08-21 14:00:00;1.6;159.3;30.13;3.9
19;2024-08-21 14:15:00;1.675;177.175;30.2825;4.025
19;2024-08-21 14:30:00;1.75;195.05;30.435;4.15
19;2024-08-21 14:45:00;1.825;212.925;30.5875;4.275
19;2024-08-21 15:00:00;1.9;230.8;30.74;4.4
19;2024-08-21 15:15:00;2.15;237.225;30.7275;4.575
19;2024-08-21 15:30:00;2.4;243.65;30.715;4.75
19;2024-08-21 15:45:00;2.65;250.075;30.7025;4.925
19;2024-08-21 16:00:00;2.9;256.5;30.69;5.1
19;2024-08-21 16:15:00;3.125;259;30.545;5.375
19;2024-08-21 16:30:00;3.35;261.5;30.4;5.65
19;2024-08-21 16:45:00;3.575;264;30.255;5.925
19;2024-08-21 17:00:00;3.8;266.5;30.11;6.2
19;2024-08-21 17:15:00;3.925;268.2;29.7875;6.275
19;2024-08-21 17:30:00;4.05;269.9;29.465;6.35
19;2024-08-21 17:45:00;4.175;271.6;29.1425;6.425
19;2024-08-22 00:00:00;5.7;276.5;17.78;7
19;2024-08-22 00:15:00;5.775;277.3;17.5675;7.075
19;2024-08-22 00:30:00;5.85;278.1;17.355;7.15
19;2024-08-22 00:45:00;5.925;278.9;17.1425;7.225
19;2024-08-22 01:00:00;6;279.7;16.93;7.3
19;2024-08-22 01:15:00;6.025;280.15;16.7325;7.325
19;2024-08-22 01:30:00;6.05;280.6;16.535;7.35
19;2024-08-22 01:45:00;6.075;281.05;16.3375;7.375
19;2024-08-22 02:00:00;6.1;281.5;16.14;7.4
19;2024-08-22 02:15:00;6.05;281.825;15.955;7.35
19;2024-08-22 02:30:00;6;282.15;15.77;7.3
19;2024-08-22 02:45:00;5.95;282.475;15.585;7.25
19;2024-08-22 03:00:00;5.9;282.8;15.4;7.2
19;2024-08-22 03:15:00;5.85;283.2;15.245;7.15
19;2024-08-22 03:30:00;5.8;283.6;15.09;7.1
19;2024-08-22 03:45:00;5.75;284;14.935;7.05
19;2024-08-22 04:00:00;5.7;284.4;14.78;7
19;2024-08-22 04:15:00;5.625;284.875;14.64;6.9
19;2024-08-22 04:30:00;5.55;285.35;14.5;6.8
19;2024-08-22 04:45:00;5.475;285.825;14.36;6.7
19;2024-08-22 05:00:00;5.4;286.3;14.22;6.6
19;2024-08-22 05:15:00;5.375;286.6;14.1075;6.55
19;2024-08-22 05:30:00;5.35;286.9;13.995;6.5
19;2024-08-22 05:45:00;5.325;287.2;13.8825;6.45
19;2024-08-22 12:00:00;3.7;277.3;27.22;6.6
19;2024-08-22 12:15:00;3.925;277.075;27.405;6.9
19;2024-08-22 12:30:00;4.15;276.85;27.59;7.2
19;2024-08-22 12:45:00;4.375;276.625;27.775;7.5
19;2024-08-22 13:00:00;4.6;276.4;27.96;7.8
19;2024-08-22 13:15:00;4.775;276.45;27.9775;8.05
19;2024-08-22 13:30:00;4.95;276.5;27.995;8.3
19;2024-08-22 13:45:00;5.125;276.55;28.0125;8.55
19;2024-08-22 14:00:00;5.3;276.6;28.03;8.8
19;2024-08-22 14:15:00;5.45;277.15;27.9075;9
19;2024-08-22 14:30:00;5.6;277.7;27.785;9.2
19;2024-08-22 14:45:00;5.75;278.25;27.6625;9.4
19;2024-08-22 15:00:00;5.9;278.8;27.54;9.6
19;2024-08-22 15:15:00;6.025;279.425;27.3125;9.75
19;2024-08-22 15:30:00;6.15;280.05;27.085;9.9
19;2024-08-22 15:45:00;6.275;280.675;26.8575;10.05
19;2024-08-22 16:00:00;6.4;281.3;26.63;10.2
19;2024-08-22 16:15:00;6.475;281.5;26.3;10.25
19;2024-08-22 16:30:00;6.55;281.7;25.97;10.3
19;2024-08-22 16:45:00;6.625;281.9;25.64;10.35
19;2024-08-22 17:00:00;6.7;282.1;25.31;10.4
19;2024-08-22 17:15:00;6.75;282.475;24.86;10.375
19;2024-08-22 17:30:00;6.8;282.85;24.41;10.35
19;2024-08-22 17:45:00;6.85;283.225;23.96;10.325
19;2024-08-23 00:00:00;6.4;299.7;14.66;7.9
19;2024-08-23 00:15:00;6.35;300.125;14.52;7.825
19;2024-08-23 00:30:00;6.3;300.55;14.38;7.75
19;2024-08-23 00:45:00;6.25;300.975;14.24;7.675
19;2024-08-23 01:00:00;6.2;301.4;14.1;7.6
19;2024-08-23 01:15:00;6.1;301.925;13.9875;7.475
19;2024-08-23 01:30:00;6;302.45;13.875;7.35
19;2024-08-23 01:45:00;5.9;302.975;13.7625;7.225
19;2024-08-23 02:00:00;5.8;303.5;13.65;7.1
19;2024-08-23 02:15:00;5.7;303.75;13.58;6.975
19;2024-08-23 02:30:00;5.6;304;13.51;6.85
19;2024-08-23 02:45:00;5.5;304.25;13.44;6.725
19;2024-08-23 03:00:00;5.4;304.5;13.37;6.6
19;2024-08-23 03:15:00;5.3;304.8;13.3225;6.475
19;2024-08-23 03:30:00;5.2;305.1;13.275;6.35
19;2024-08-23 03:45:00;5.1;305.4;13.2275;6.225
19;2024-08-23 04:00:00;5;305.7;13.18;6.1
19;2024-08-23 04:15:00;4.875;306.45;13.1425;5.95
19;2024-08-23 04:30:00;4.75;307.2;13.105;5.8
19;2024-08-23 04:45:00;4.625;307.95;13.0675;5.65
19;2024-08-23 05:00:00;4.5;308.7;13.03;5.5
19;2024-08-23 05:15:00;4.375;309.15;13.0275;5.375
19;2024-08-23 05:30:00;4.25;309.6;13.025;5.25
19;2024-08-23 05:45:00;4.125;310.05;13.0225;5.125
19;2024-08-23 12:00:00;1.1;272;26.71;3.1
19;2024-08-23 12:15:00;1.25;269.15;27.0875;3.3
19;2024-08-23 12:30:00;1.4;266.3;27.465;3.5
19;2024-08-23 12:45:00;1.55;263.45;27.8425;3.7
19;2024-08-23 13:00:00;1.7;260.6;28.22;3.9
19;2024-08-23 13:15:00;1.925;261.1;28.41;4.2
19;2024-08-23 13:30:00;2.15;261.6;28.6;4.5
19;2024-08-23 13:45:00;2.375;262.1;28.79;4.8
19;2024-08-23 14:00:00;2.6;262.6;28.98;5.1
19;2024-08-23 14:15:00;2.775;263.175;29.0575;5.3
19;2024-08-23 14:30:00;2.95;263.75;29.135;5.5
19;2024-08-23 14:45:00;3.125;264.325;29.2125;5.7
19;2024-08-23 15:00:00;3.3;264.9;29.29;5.9
19;2024-08-23 15:15:00;3.45;264.7;29.21;6.1
19;2024-08-23 15:30:00;3.6;264.5;29.13;6.3
19;2024-08-23 15:45:00;3.75;264.3;29.05;6.5
19;2024-08-23 16:00:00;3.9;264.1;28.97;6.7
19;2024-08-23 16:15:00;4.025;264.825;28.7375;6.8
19;2024-08-23 16:30:00;4.15;265.55;28.505;6.9
19;2024-08-23 16:45:00;4.275;266.275;28.2725;7
19;2024-08-23 17:00:00;4.4;267;28.04;7.1
19;2024-08-23 17:15:00;4.475;267.5;27.6475;7.15
19;2024-08-23 17:30:00;4.55;268;27.255;7.2
19;2024-08-23 17:45:00;4.625;268.5;26.8625;7.25
